Stock,EventD,OptionEX,C/P,Strike,Avg_Price,Volume,OIa,OI_Change,MillionD,Buy_%,Sell_%,ER_Date,ER_A/B,Div_Date,StockV,Rank,MaxD,Huge,OView
AA,180719,180720,P,50.0,6.753,530,2628,-1654,-1.117,99.62,0.38,20181016,amc,,41.56,83.0,1.117,1---2,Down
AA,180719,180720,P,48.0,3.716,560,2523,-1458,-0.542,64.46,9.82,20181016,amc,,41.56,87.0,1.117,1---2,Down
AA,180719,180720,P,47.5,2.781,172,4048,-1369,-0.381,72.09,22.67,20181016,amc,,41.56,87.0,1.117,1---2,Down
AA,180719,180921,P,50.0,7.644,514,208,512,0.391,97.86,1.17,20181016,amc,,41.56,83.0,1.117,1---2,Down
AA,180719,180817,P,50.0,7.735,596,5887,512,0.396,70.81,16.11,20181016,amc,,41.56,83.0,1.117,1---2,Down
AABA,180719,180817,P,100.0,26.729,11696,150582,7996,21.372,84.61,15.39,20180815,amc,,73.36,73.0,21.372,2---2,Down
AAP,180719,180817,C,150.0,3.126,1266,118,1264,0.395,98.89,1.03,20180813,bmo,,143.37,96.0,0.395,1---1,Up
AAPL,180719,180720,C,2.5,189.176,268,1648,-184,-3.481,0.75,99.25,20180731,amc,,191.88,7675.0,9.59,1---2,Down
AAPL,180719,180720,C,5.0,186.769,217,293,-133,-2.484,9.22,90.78,20180731,amc,,191.88,3838.0,9.59,1---2,Down
AAPL,180719,180720,C,190.0,2.055,28356,45993,-8201,-1.685,52.33,38.52,20180731,amc,,191.88,101.0,9.59,1---2,Up
AAPL,180719,180817,C,205.0,0.792,19973,46256,-15320,-1.213,96.17,3.49,20180731,amc,,191.88,94.0,9.59,1---2,Up
AAPL,180719,180720,C,180.0,11.937,2686,16748,-958,-1.144,59.31,28.56,20180731,amc,,191.88,107.0,9.59,1---2,Up
AAPL,180719,200117,C,175.0,32.883,591,15991,-322,-1.059,81.56,15.57,20180731,amc,,191.88,110.0,9.59,1---2,Up
AAPL,180719,180817,C,190.0,6.112,4161,24076,-1173,-0.717,39.05,41.79,20180731,amc,,191.88,101.0,9.59,1---2,Down
AAPL,180719,190118,C,140.0,52.986,112,17008,-103,-0.546,95.54,4.46,20180731,amc,,191.88,137.0,9.59,1---2,Up
AAPL,180719,180720,C,185.0,6.83,2193,87409,-592,-0.404,49.02,37.25,20180731,amc,,191.88,104.0,9.59,1---2,Up
AAPL,180719,180720,C,175.0,16.942,443,9469,-221,-0.374,56.21,35.21,20180731,amc,,191.88,110.0,9.59,1---2,Up
AAPL,180719,190118,C,200.0,8.186,1196,38349,-406,-0.332,40.89,46.57,20180731,amc,,191.88,96.0,9.59,1---2,Down
AAPL,180719,180810,C,185.0,9.33,381,225,322,0.3,73.23,26.77,20180731,amc,,191.88,104.0,9.59,1---2,Up
AAPL,180719,180817,C,185.0,9.53,1220,11951,347,0.331,68.77,30.57,20180731,amc,,191.88,104.0,9.59,1---2,Up
AAPL,180719,180921,C,190.0,7.739,2495,32581,433,0.335,44.21,40.44,20180731,amc,,191.88,101.0,9.59,1---2,Up
AAPL,180719,180921,P,190.0,5.708,1765,15221,667,0.381,33.88,44.59,20180731,amc,,191.88,101.0,9.59,1---2,Up
AAPL,180719,180720,P,200.0,8.115,3721,197,485,0.394,49.05,33.62,20180731,amc,,191.88,96.0,9.59,1---2,Down
AAPL,180719,200117,P,170.0,10.521,630,5007,521,0.548,40.95,40.32,20180731,amc,,191.88,113.0,9.59,1---2,Down
AAPL,180719,180727,P,192.5,2.126,4139,6805,2659,0.565,65.02,24.38,20180731,amc,,191.88,100.0,9.59,1---2,Down
AAPL,180719,181019,C,205.0,2.936,2476,11799,2328,0.684,11.47,87.20,20180731,amc,,191.88,94.0,9.59,1---2,Down
AAPL,180719,180817,C,195.0,3.549,8277,19714,2303,0.817,24.15,9.91,20180731,amc,,191.88,98.0,9.59,1---2,Up
AAPL,180719,200117,C,200.0,19.178,1147,21739,475,0.911,90.58,9.42,20180731,amc,,191.88,96.0,9.59,1---2,Up
AAPL,180719,180720,C,170.0,22.118,1205,9484,612,1.354,51.45,42.07,20180731,amc,,191.88,113.0,9.59,1---2,Up
AAPL,180719,180817,C,180.0,13.408,3726,7506,2164,2.902,89.56,4.56,20180731,amc,,191.88,107.0,9.59,1---2,Up
AAPL,180719,190118,C,175.0,22.832,2251,20962,1926,4.397,95.02,3.64,20180731,amc,,191.88,110.0,9.59,1---2,Up
AAPL,180719,190118,C,180.0,19.006,9055,27546,5046,9.59,76.99,18.20,20180731,amc,,191.88,107.0,9.59,1---2,Up
ABBV,180719,180720,P,96.0,5.264,1645,1833,-616,-0.324,3.59,96.35,20180727,bmo,,89.95,94.0,0.56,2---2,Up
ABBV,180719,190118,P,85.0,5.163,733,1610,719,0.371,97.82,1.64,20180727,bmo,,89.95,106.0,0.56,2---2,Down
ABBV,180719,180817,P,90.0,2.807,2850,2165,1357,0.381,52.25,42.35,20180727,bmo,,89.95,100.0,0.56,2---2,Down
ABBV,180719,190118,C,92.5,5.728,1053,873,977,0.56,0.85,97.91,20180727,bmo,,89.95,97.0,0.56,2---2,Down
ACAD,180719,180817,P,17.0,1.505,2226,336,2090,0.315,99.33,0.22,20180806,amc,,17.08,100.0,0.315,1---1,Down
ADBE,180719,180720,C,250.0,8.091,1494,9993,-1315,-1.064,12.38,87.28,20180913,amc,,257.68,103.0,1.064,2---2,Down
ADBE,180719,180720,C,210.0,47.16,7,886,-194,-0.915,71.43,28.57,20180913,amc,,257.68,123.0,1.064,2---2,Up
ADBE,180719,180720,C,180.0,78.55,2,442,-43,-0.338,100.00,0.00,20180913,amc,,257.68,143.0,1.064,2---2,Up
ADBE,180719,180720,C,185.0,72.4,6,374,-42,-0.304,83.33,16.67,20180913,amc,,257.68,139.0,1.064,2---2,Up
ADBE,180719,180720,P,270.0,12.2,500,556,-247,-0.301,0.00,100.00,20180913,amc,,257.68,95.0,1.064,2---2,Up
ADBE,180719,190118,P,240.0,10.9,501,338,500,0.545,100.00,0.00,20180913,amc,,257.68,107.0,1.064,2---2,Down
ADBE,180719,180817,C,260.0,5.779,1947,2051,1037,0.599,14.43,82.64,20180913,amc,,257.68,99.0,1.064,2---2,Down
ADBE,180719,180817,P,260.0,7.231,1360,291,1219,0.882,8.16,3.53,20180913,amc,,257.68,99.0,1.064,2---2,Down
AEL,180719,190215,C,35.0,2.875,1250,1503,1250,0.359,100.00,0.00,20180806,amc,,35.15,100.0,0.359,2---2,Up
AEO,180719,180824,C,24.0,1.59,2344,1357,2250,0.358,98.42,0.47,20180821,bmo,,24.49,102.0,0.358,1---1,Up
AFL,180719,190118,C,33.75,9.67,3010,25704,3010,2.911,100.00,0.00,20180726,amc,,42.89,127.0,2.911,1---1,Up
ALGN,180719,180720,C,300.0,68.255,256,597,-98,-0.669,0.00,100.00,20180725,amc,,370.32,123.0,0.669,2---2,Down
ALGN,180719,180720,C,250.0,121.875,30,227,-30,-0.366,16.67,83.33,20180725,amc,,370.32,148.0,0.669,2---2,Down
AMD,180719,180720,C,12.0,4.675,545,20010,-3201,-1.497,48.81,48.99,20180725,amc,,16.71,139.0,4.938,1---2,Down
AMD,180719,180720,C,13.0,3.686,2327,32529,-2071,-0.763,47.57,50.19,20180725,amc,,16.71,129.0,4.938,1---2,Down
AMD,180719,180817,C,15.0,2.173,3962,19630,-3034,-0.659,19.76,79.81,20180725,amc,,16.71,111.0,4.938,1---2,Down
AMD,180719,180720,C,14.0,2.708,1460,46762,-1207,-0.327,16.64,70.75,20180725,amc,,16.71,119.0,4.938,1---2,Down
AMD,180719,200117,C,12.0,6.695,513,23293,503,0.337,99.61,0.39,20180725,amc,,16.71,139.0,4.938,1---2,Up
AMD,180719,190118,P,21.0,5.269,23506,1536,9372,4.938,62.54,37.19,20180725,amc,,16.71,80.0,4.938,1---2,Down
AMZN,180719,180720,C,1400.0,425.238,15,2494,-409,-17.392,6.67,86.67,20180726,amc,,1812.97,129.0,17.392,2---2,Down
AMZN,180719,180727,P,1720.0,13.423,7063,4128,-2304,-3.093,54.78,44.22,20180726,amc,,1812.97,105.0,17.392,2---2,Down
AMZN,180719,180727,P,1770.0,25.458,1673,1411,-903,-2.299,60.73,37.78,20180726,amc,,1812.97,102.0,17.392,2---2,Down
AMZN,180719,190215,P,1900.0,194.998,6,219,-74,-1.443,33.33,33.33,20180726,amc,,1812.97,95.0,17.392,2---2,Unknow
AMZN,180719,180921,C,1900.0,56.402,373,1260,-208,-1.173,16.09,82.04,20180726,amc,,1812.97,95.0,17.392,2---2,Down
AMZN,180719,190118,C,1640.0,278.934,41,299,-39,-1.088,0.00,51.22,20180726,amc,,1812.97,111.0,17.392,2---2,Down
AMZN,180719,180720,C,1650.0,180.514,70,975,-54,-0.975,81.43,15.71,20180726,amc,,1812.97,110.0,17.392,2---2,Up
AMZN,180719,190118,C,960.0,885.919,26,365,-10,-0.886,30.77,26.92,20180726,amc,,1812.97,189.0,17.392,2---2,Up
AMZN,180719,180831,C,1830.0,75.687,223,276,-116,-0.878,75.34,6.28,20180726,amc,,1812.97,99.0,17.392,2---2,Up
AMZN,180719,180720,C,1800.0,27.778,1905,4027,-283,-0.786,40.47,58.11,20180726,amc,,1812.97,101.0,17.392,2---2,Down
AMZN,180719,180720,C,1710.0,118.59,73,862,-63,-0.747,16.44,83.56,20180726,amc,,1812.97,106.0,17.392,2---2,Down
AMZN,180719,181019,C,1960.0,49.992,177,579,-147,-0.735,36.16,63.84,20180726,amc,,1812.97,92.0,17.392,2---2,Down
AMZN,180719,180720,C,1100.0,733.766,11,48,-10,-0.734,0.00,18.18,20180726,amc,,1812.97,165.0,17.392,2---2,Down
AMZN,180719,180831,C,1870.0,60.057,200,229,-120,-0.721,100.00,0.00,20180726,amc,,1812.97,97.0,17.392,2---2,Up
AMZN,180719,181019,P,1770.0,72.075,187,183,-100,-0.721,73.26,26.74,20180726,amc,,1812.97,102.0,17.392,2---2,Down
AMZN,180719,180720,C,1775.0,56.761,164,378,-120,-0.681,44.51,23.78,20180726,amc,,1812.97,102.0,17.392,2---2,Up
AMZN,180719,180720,C,1780.0,48.593,258,2253,-140,-0.68,46.90,49.22,20180726,amc,,1812.97,102.0,17.392,2---2,Down
AMZN,180719,180720,C,1300.0,520.147,23,147,-13,-0.676,34.78,0.00,20180726,amc,,1812.97,139.0,17.392,2---2,Up
AMZN,180719,180720,C,1770.0,56.912,276,2156,-116,-0.66,59.06,37.32,20180726,amc,,1812.97,102.0,17.392,2---2,Up
AMZN,180719,180720,C,1680.0,148.934,48,1540,-41,-0.611,41.67,56.25,20180726,amc,,1812.97,108.0,17.392,2---2,Down
AMZN,180719,180720,C,1777.5,55.488,165,238,-109,-0.605,78.79,19.39,20180726,amc,,1812.97,102.0,17.392,2---2,Up
AMZN,180719,180720,C,1750.0,79.091,161,2580,-76,-0.601,52.17,39.13,20180726,amc,,1812.97,104.0,17.392,2---2,Up
AMZN,180719,180817,C,1760.0,109.08,123,532,-53,-0.578,4.88,95.12,20180726,amc,,1812.97,103.0,17.392,2---2,Down
AMZN,180719,180720,C,1320.0,512.279,17,187,-11,-0.564,5.88,94.12,20180726,amc,,1812.97,137.0,17.392,2---2,Down
AMZN,180719,180720,C,1500.0,326.779,19,644,-17,-0.556,52.63,47.37,20180726,amc,,1812.97,121.0,17.392,2---2,Up
AMZN,180719,180720,P,1850.0,24.582,819,1193,-221,-0.543,50.55,46.89,20180726,amc,,1812.97,98.0,17.392,2---2,Down
AMZN,180719,180720,C,1700.0,125.256,67,9531,-41,-0.514,34.33,65.67,20180726,amc,,1812.97,107.0,17.392,2---2,Down
AMZN,180719,180720,C,1765.0,63.987,110,322,-74,-0.474,52.73,43.64,20180726,amc,,1812.97,103.0,17.392,2---2,Up
AMZN,180719,180720,C,1722.5,109.907,56,178,-41,-0.451,8.93,91.07,20180726,amc,,1812.97,105.0,17.392,2---2,Down
AMZN,180719,180720,C,1660.0,164.424,38,884,-27,-0.444,34.21,65.79,20180726,amc,,1812.97,109.0,17.392,2---2,Down
AMZN,180719,180720,P,1845.0,21.143,593,682,-176,-0.372,43.84,52.61,20180726,amc,,1812.97,98.0,17.392,2---2,Up
AMZN,180719,180727,P,1865.0,75.561,60,65,-49,-0.37,98.33,1.67,20180726,amc,,1812.97,97.0,17.392,2---2,Down
AMZN,180719,180720,C,1790.0,36.713,350,1224,-96,-0.352,37.71,60.57,20180726,amc,,1812.97,101.0,17.392,2---2,Down
AMZN,180719,180817,P,1720.0,24.278,213,582,-142,-0.345,91.55,7.04,20180726,amc,,1812.97,105.0,17.392,2---2,Down
AMZN,180719,180727,P,1950.0,138.295,22,9,22,0.304,95.45,4.55,20180726,amc,,1812.97,93.0,17.392,2---2,Down
AMZN,180719,180803,P,1825.0,56.388,85,167,54,0.304,54.12,45.88,20180726,amc,,1812.97,99.0,17.392,2---2,Down
AMZN,180719,180720,P,2000.0,170.1,60,2,18,0.306,8.33,91.67,20180726,amc,,1812.97,91.0,17.392,2---2,Up
AMZN,180719,181116,P,1690.0,62.72,50,171,49,0.307,72.00,28.00,20180726,amc,,1812.97,107.0,17.392,2---2,Down
AMZN,180719,190118,C,1840.0,154.269,170,445,20,0.309,12.35,86.47,20180726,amc,,1812.97,99.0,17.392,2---2,Down
AMZN,180719,180803,P,1815.0,50.162,69,83,62,0.311,47.83,44.93,20180726,amc,,1812.97,100.0,17.392,2---2,Down
AMZN,180719,181116,P,1830.0,118.593,27,420,27,0.32,100.00,0.00,20180726,amc,,1812.97,99.0,17.392,2---2,Down
AMZN,180719,180817,P,2010.0,190.535,21,12,17,0.324,76.19,23.81,20180726,amc,,1812.97,90.0,17.392,2---2,Down
AMZN,180719,180803,P,1810.0,47.967,95,111,69,0.331,63.16,35.79,20180726,amc,,1812.97,100.0,17.392,2---2,Down
AMZN,180719,180727,P,1967.5,152.789,22,6,22,0.336,68.18,31.82,20180726,amc,,1812.97,92.0,17.392,2---2,Down
AMZN,180719,180727,C,1825.0,50.844,189,170,67,0.341,41.27,57.67,20180726,amc,,1812.97,99.0,17.392,2---2,Down
AMZN,180719,181019,C,1700.0,185.806,41,585,19,0.353,17.07,82.93,20180726,amc,,1812.97,107.0,17.392,2---2,Down
AMZN,180719,180727,P,1737.5,17.254,257,95,205,0.354,84.82,15.18,20180726,amc,,1812.97,104.0,17.392,2---2,Down
AMZN,180719,180810,C,1810.0,71.764,68,95,50,0.359,7.35,16.18,20180726,amc,,1812.97,100.0,17.392,2---2,Down
AMZN,180719,180727,P,1700.0,8.805,1467,978,408,0.359,56.10,41.45,20180726,amc,,1812.97,107.0,17.392,2---2,Down
AMZN,180719,200619,C,1420.0,605.753,6,4,6,0.363,16.67,83.33,20180726,amc,,1812.97,128.0,17.392,2---2,Down
AMZN,180719,190118,P,1600.0,53.675,128,2792,69,0.37,25.00,75.00,20180726,amc,,1812.97,113.0,17.392,2---2,Up
AMZN,180719,180727,P,1725.0,13.835,388,248,273,0.378,50.00,49.48,20180726,amc,,1812.97,105.0,17.392,2---2,Down
AMZN,180719,180803,C,1785.0,74.165,51,11,51,0.378,1.96,98.04,20180726,amc,,1812.97,102.0,17.392,2---2,Down
AMZN,180719,180831,P,1800.0,65.612,59,17,58,0.381,88.14,11.86,20180726,amc,,1812.97,101.0,17.392,2---2,Down
AMZN,180719,181019,C,1800.0,119.074,58,432,32,0.381,51.72,48.28,20180726,amc,,1812.97,101.0,17.392,2---2,Up
AMZN,180719,181116,C,1820.0,137.323,34,209,28,0.385,35.29,64.71,20180726,amc,,1812.97,100.0,17.392,2---2,Down
AMZN,180719,180817,P,1810.0,55.473,269,106,70,0.388,43.12,56.88,20180726,amc,,1812.97,100.0,17.392,2---2,Up
AMZN,180719,180803,P,1820.0,53.481,204,2053,73,0.39,14.71,84.31,20180726,amc,,1812.97,100.0,17.392,2---2,Up
AMZN,180719,181019,C,1840.0,100.635,52,398,39,0.392,55.77,44.23,20180726,amc,,1812.97,99.0,17.392,2---2,Up
AMZN,180719,180921,C,1850.0,80.381,208,265,49,0.394,50.96,42.79,20180726,amc,,1812.97,98.0,17.392,2---2,Up
AMZN,180719,200619,C,2200.0,220.967,21,20,18,0.398,23.81,76.19,20180726,amc,,1812.97,82.0,17.392,2---2,Down
AMZN,180719,180817,P,2000.0,182.694,26,47,22,0.402,88.46,11.54,20180726,amc,,1812.97,91.0,17.392,2---2,Down
AMZN,180719,180720,C,1817.5,11.184,747,259,361,0.404,55.15,41.50,20180726,amc,,1812.97,100.0,17.392,2---2,Up
AMZN,180719,180817,P,2230.0,409.9,10,2,10,0.41,0.00,100.00,20180726,amc,,1812.97,81.0,17.392,2---2,Up
AMZN,180719,180727,P,1785.0,29.932,210,120,142,0.425,36.19,63.81,20180726,amc,,1812.97,102.0,17.392,2---2,Up
AMZN,180719,181116,P,1770.0,90.967,91,70,47,0.428,17.58,82.42,20180726,amc,,1812.97,102.0,17.392,2---2,Up
AMZN,180719,180831,P,1810.0,63.173,69,7,68,0.43,13.04,86.96,20180726,amc,,1812.97,100.0,17.392,2---2,Up
AMZN,180719,180727,P,1830.0,51.239,292,128,84,0.43,59.59,38.70,20180726,amc,,1812.97,99.0,17.392,2---2,Down
AMZN,180719,180803,C,1780.0,87.453,52,51,50,0.437,3.85,96.15,20180726,amc,,1812.97,102.0,17.392,2---2,Down
AMZN,180719,180817,C,1830.0,65.81,268,360,67,0.441,33.58,64.93,20180726,amc,,1812.97,99.0,17.392,2---2,Down
AMZN,180719,180824,C,1770.0,96.87,50,15,46,0.446,100.00,0.00,20180726,amc,,1812.97,102.0,17.392,2---2,Up
AMZN,180719,180817,P,1750.0,32.954,308,1050,138,0.455,44.81,54.55,20180726,amc,,1812.97,104.0,17.392,2---2,Up
AMZN,180719,181019,P,1800.0,83.29,72,128,55,0.458,9.72,90.28,20180726,amc,,1812.97,101.0,17.392,2---2,Up
AMZN,180719,180921,C,1840.0,83.975,195,552,55,0.462,42.05,55.38,20180726,amc,,1812.97,99.0,17.392,2---2,Down
AMZN,180719,181019,P,2140.0,330.9,15,6,14,0.463,100.00,0.00,20180726,amc,,1812.97,85.0,17.392,2---2,Down
AMZN,180719,180727,C,1835.0,47.767,219,119,97,0.463,43.84,54.34,20180726,amc,,1812.97,99.0,17.392,2---2,Down
AMZN,180719,180921,P,1850.0,93.173,53,70,50,0.466,98.11,1.89,20180726,amc,,1812.97,98.0,17.392,2---2,Down
AMZN,180719,180727,C,1832.5,48.801,248,33,97,0.473,44.35,55.65,20180726,amc,,1812.97,99.0,17.392,2---2,Down
AMZN,180719,180727,P,1820.0,48.314,353,152,98,0.473,41.36,50.14,20180726,amc,,1812.97,100.0,17.392,2---2,Up
AMZN,180719,180817,P,1970.0,163.6,30,21,29,0.474,20.00,80.00,20180726,amc,,1812.97,92.0,17.392,2---2,Up
AMZN,180719,180803,C,1830.0,55.183,164,186,86,0.475,34.76,64.02,20180726,amc,,1812.97,99.0,17.392,2---2,Down
AMZN,180719,181116,C,1780.0,163.15,30,153,30,0.489,0.00,100.00,20180726,amc,,1812.97,102.0,17.392,2---2,Down
AMZN,180719,181116,C,1920.0,89.457,83,133,55,0.492,20.48,46.99,20180726,amc,,1812.97,94.0,17.392,2---2,Down
AMZN,180719,180727,P,1660.0,6.353,2256,250,781,0.496,48.54,50.80,20180726,amc,,1812.97,109.0,17.392,2---2,Up
AMZN,180719,180720,C,1810.0,19.753,1334,1445,252,0.498,39.58,58.62,20180726,amc,,1812.97,100.0,17.392,2---2,Down
AMZN,180719,181019,P,1820.0,90.524,72,169,56,0.507,43.06,33.33,20180726,amc,,1812.97,100.0,17.392,2---2,Down
AMZN,180719,181116,P,1780.0,95.9,77,164,53,0.508,0.00,2.60,20180726,amc,,1812.97,102.0,17.392,2---2,Up
AMZN,180719,180817,C,1820.0,69.405,170,445,74,0.514,27.65,68.82,20180726,amc,,1812.97,100.0,17.392,2---2,Down
AMZN,180719,180727,P,1930.0,110.023,54,8,48,0.528,12.96,87.04,20180726,amc,,1812.97,94.0,17.392,2---2,Up
AMZN,180719,180727,P,1807.5,43.32,171,79,122,0.529,10.53,89.47,20180726,amc,,1812.97,100.0,17.392,2---2,Up
AMZN,180719,180727,C,1840.0,44.764,310,464,122,0.546,57.74,40.32,20180726,amc,,1812.97,99.0,17.392,2---2,Up
AMZN,180719,180727,P,1732.5,15.968,409,110,345,0.551,2.44,94.87,20180726,amc,,1812.97,105.0,17.392,2---2,Up
AMZN,180719,181116,C,1880.0,105.638,55,205,53,0.56,7.27,92.73,20180726,amc,,1812.97,96.0,17.392,2---2,Down
AMZN,180719,180727,C,1820.0,52.424,379,538,107,0.561,38.52,53.30,20180726,amc,,1812.97,100.0,17.392,2---2,Down
AMZN,180719,190621,C,2100.0,123.295,60,199,46,0.567,10.00,71.67,20180726,amc,,1812.97,86.0,17.392,2---2,Down
AMZN,180719,180921,P,2080.0,258.508,22,3,22,0.569,100.00,0.00,20180726,amc,,1812.97,87.0,17.392,2---2,Down
AMZN,180719,180803,C,1800.0,69.462,175,417,82,0.57,35.43,53.71,20180726,amc,,1812.97,101.0,17.392,2---2,Down
AMZN,180719,180727,P,1815.0,47.319,256,139,124,0.587,39.84,57.81,20180726,amc,,1812.97,100.0,17.392,2---2,Up
AMZN,180719,180727,P,1750.0,20.397,1018,1143,293,0.598,76.13,23.67,20180726,amc,,1812.97,104.0,17.392,2---2,Down
AMZN,180719,190621,C,1700.0,305.884,41,343,20,0.612,48.78,2.44,20180726,amc,,1812.97,107.0,17.392,2---2,Up
AMZN,180719,190621,C,1920.0,191.386,32,133,32,0.612,96.88,3.13,20180726,amc,,1812.97,94.0,17.392,2---2,Up
AMZN,180719,180817,C,1700.0,150.816,158,3021,41,0.618,45.57,50.00,20180726,amc,,1812.97,107.0,17.392,2---2,Down
AMZN,180719,190621,C,1900.0,200.898,32,258,31,0.623,50.00,50.00,20180726,amc,,1812.97,95.0,17.392,2---2,Unknow
AMZN,180719,180817,C,1600.0,238.147,62,5770,28,0.667,25.81,69.35,20180726,amc,,1812.97,113.0,17.392,2---2,Down
AMZN,180719,180720,C,1835.0,6.593,10910,1039,1056,0.696,54.22,43.85,20180726,amc,,1812.97,99.0,17.392,2---2,Up
AMZN,180719,180727,C,1800.0,63.833,398,988,111,0.709,43.97,54.27,20180726,amc,,1812.97,101.0,17.392,2---2,Down
AMZN,180719,181116,P,1700.0,67.698,159,423,106,0.718,72.96,5.66,20180726,amc,,1812.97,107.0,17.392,2---2,Down
AMZN,180719,180727,P,1760.0,19.117,456,244,379,0.725,31.36,67.11,20180726,amc,,1812.97,103.0,17.392,2---2,Up
AMZN,180719,180720,C,1820.0,10.916,5156,1655,664,0.725,50.35,46.10,20180726,amc,,1812.97,100.0,17.392,2---2,Up
AMZN,180719,200117,C,1840.0,306.442,35,115,24,0.735,14.29,80.00,20180726,amc,,1812.97,99.0,17.392,2---2,Down
AMZN,180719,180817,P,1830.0,63.856,275,191,121,0.773,54.55,44.73,20180726,amc,,1812.97,99.0,17.392,2---2,Down
AMZN,180719,180817,C,1300.0,522.532,17,77,15,0.784,76.47,23.53,20180726,amc,,1812.97,139.0,17.392,2---2,Up
AMZN,180719,180824,P,2040.0,224.412,35,9,35,0.785,94.29,5.71,20180726,amc,,1812.97,89.0,17.392,2---2,Down
AMZN,180719,190118,C,1495.0,376.157,42,12,21,0.79,23.81,66.67,20180726,amc,,1812.97,121.0,17.392,2---2,Down
AMZN,180719,181116,P,1810.0,108.19,77,248,75,0.811,100.00,0.00,20180726,amc,,1812.97,100.0,17.392,2---2,Down
AMZN,180719,180727,C,1900.0,21.221,962,979,384,0.815,39.71,56.86,20180726,amc,,1812.97,95.0,17.392,2---2,Down
AMZN,180719,181116,P,1820.0,110.26,75,263,75,0.827,100.00,0.00,20180726,amc,,1812.97,100.0,17.392,2---2,Down
AMZN,180719,180727,P,1825.0,49.924,328,196,168,0.839,42.38,47.26,20180726,amc,,1812.97,99.0,17.392,2---2,Up
AMZN,180719,180720,C,1830.0,7.62,12338,2682,1117,0.851,49.73,47.13,20180726,amc,,1812.97,99.0,17.392,2---2,Up
AMZN,180719,180803,P,1720.0,17.513,4458,224,494,0.865,49.78,49.73,20180726,amc,,1812.97,105.0,17.392,2---2,Down
AMZN,180719,180810,C,1820.0,64.351,189,190,135,0.869,67.20,32.80,20180726,amc,,1812.97,100.0,17.392,2---2,Up
AMZN,180719,180727,P,1980.0,158.219,59,3,55,0.87,89.83,10.17,20180726,amc,,1812.97,92.0,17.392,2---2,Down
AMZN,180719,181116,P,1750.0,84.017,111,113,105,0.882,90.09,9.91,20180726,amc,,1812.97,104.0,17.392,2---2,Down
AMZN,180719,180817,P,2020.0,197.535,47,24,47,0.928,85.11,14.89,20180726,amc,,1812.97,90.0,17.392,2---2,Down
AMZN,180719,180817,P,1800.0,49.934,465,5204,188,0.939,39.14,49.89,20180726,amc,,1812.97,101.0,17.392,2---2,Up
AMZN,180719,180727,P,1802.5,39.636,351,152,245,0.971,47.29,49.86,20180726,amc,,1812.97,101.0,17.392,2---2,Up
AMZN,180719,180803,C,1667.5,168.25,58,6,58,0.976,1.72,98.28,20180726,amc,,1812.97,109.0,17.392,2---2,Down
AMZN,180719,180727,P,1790.0,31.493,482,282,310,0.976,17.22,82.57,20180726,amc,,1812.97,101.0,17.392,2---2,Up
AMZN,180719,180727,P,1730.0,16.392,3378,254,619,1.015,29.63,69.92,20180726,amc,,1812.97,105.0,17.392,2---2,Up
AMZN,180719,180803,P,1800.0,43.608,381,231,236,1.029,70.60,29.13,20180726,amc,,1812.97,101.0,17.392,2---2,Down
AMZN,180719,180803,P,1770.0,31.113,2288,87,338,1.052,48.95,50.26,20180726,amc,,1812.97,102.0,17.392,2---2,Up
AMZN,180719,180817,C,1650.0,191.827,123,918,56,1.074,10.57,88.62,20180726,amc,,1812.97,110.0,17.392,2---2,Down
AMZN,180719,180831,P,1680.0,24.263,885,103,444,1.077,74.58,24.63,20180726,amc,,1812.97,108.0,17.392,2---2,Down
AMZN,180719,181116,P,1950.0,182.07,75,25,60,1.092,100.00,0.00,20180726,amc,,1812.97,93.0,17.392,2---2,Down
AMZN,180719,180921,C,1820.0,91.762,192,482,123,1.129,47.92,48.96,20180726,amc,,1812.97,100.0,17.392,2---2,Down
AMZN,180719,180727,P,1970.0,156.201,75,8,73,1.14,90.67,9.33,20180726,amc,,1812.97,92.0,17.392,2---2,Down
AMZN,180719,190118,P,1900.0,174.822,71,240,67,1.171,42.25,50.70,20180726,amc,,1812.97,95.0,17.392,2---2,Up
AMZN,180719,180817,C,2000.0,12.925,1029,796,914,1.181,4.66,94.46,20180726,amc,,1812.97,91.0,17.392,2---2,Down
AMZN,180719,181116,P,1930.0,169.485,100,29,72,1.22,100.00,0.00,20180726,amc,,1812.97,94.0,17.392,2---2,Down
AMZN,180719,181116,P,1920.0,163.38,75,72,75,1.225,100.00,0.00,20180726,amc,,1812.97,94.0,17.392,2---2,Down
AMZN,180719,180817,P,1840.0,68.783,291,181,193,1.328,84.54,14.78,20180726,amc,,1812.97,99.0,17.392,2---2,Down
AMZN,180719,190118,P,1820.0,133.397,102,120,101,1.347,100.00,0.00,20180726,amc,,1812.97,100.0,17.392,2---2,Down
AMZN,180719,190118,C,1880.0,134.531,109,329,104,1.399,0.92,94.50,20180726,amc,,1812.97,96.0,17.392,2---2,Down
AMZN,180719,180831,P,1740.0,39.064,2440,83,361,1.41,41.35,58.57,20180726,amc,,1812.97,104.0,17.392,2---2,Up
AMZN,180719,180727,P,1805.0,39.249,487,172,382,1.499,12.11,87.89,20180726,amc,,1812.97,100.0,17.392,2---2,Up
AMZN,180719,190118,C,1860.0,144.306,129,991,104,1.501,85.27,8.53,20180726,amc,,1812.97,97.0,17.392,2---2,Up
AMZN,180719,181116,C,1770.0,169.08,90,250,90,1.522,0.00,0.00,20180726,amc,,1812.97,102.0,17.392,2---2,Unknow
AMZN,180719,181019,C,1820.0,110.46,147,230,138,1.524,23.81,76.19,20180726,amc,,1812.97,100.0,17.392,2---2,Down
AMZN,180719,181116,C,2000.0,63.808,269,140,247,1.576,80.67,19.33,20180726,amc,,1812.97,91.0,17.392,2---2,Up
AMZN,180719,181116,C,1950.0,82.221,251,167,195,1.603,92.43,7.57,20180726,amc,,1812.97,93.0,17.392,2---2,Up
AMZN,180719,190118,C,1820.0,163.349,138,835,99,1.617,85.51,14.49,20180726,amc,,1812.97,100.0,17.392,2---2,Up
AMZN,180719,180921,P,1770.0,58.3,861,80,287,1.673,38.56,61.32,20180726,amc,,1812.97,102.0,17.392,2---2,Up
AMZN,180719,181116,P,1940.0,175.575,100,14,100,1.756,100.00,0.00,20180726,amc,,1812.97,93.0,17.392,2---2,Down
AMZN,180719,181116,C,1890.0,104.001,218,216,186,1.934,7.34,92.20,20180726,amc,,1812.97,96.0,17.392,2---2,Down
AMZN,180719,180727,C,1830.0,48.872,956,322,406,1.984,40.90,52.82,20180726,amc,,1812.97,99.0,17.392,2---2,Down
AMZN,180719,190118,C,2100.0,59.068,793,1300,371,2.191,46.78,26.36,20180726,amc,,1812.97,86.0,17.392,2---2,Up
AMZN,180719,181116,C,1760.0,172.244,136,1444,136,2.343,75.00,25.00,20180726,amc,,1812.97,103.0,17.392,2---2,Up
AMZN,180719,180831,P,1720.0,30.691,1026,14,828,2.541,22.42,76.61,20180726,amc,,1812.97,105.0,17.392,2---2,Up
AMZN,180719,181116,C,1900.0,98.318,367,397,290,2.851,52.04,47.68,20180726,amc,,1812.97,95.0,17.392,2---2,Up
AMZN,180719,180817,P,1770.0,41.1,862,206,838,3.444,98.96,1.04,20180726,amc,,1812.97,102.0,17.392,2---2,Down
AMZN,180719,180921,C,1800.0,103.686,621,1338,411,4.261,50.72,48.79,20180726,amc,,1812.97,101.0,17.392,2---2,Up
AMZN,180719,180817,C,1850.0,55.418,776,2486,840,4.655,30.03,65.98,20180726,amc,,1812.97,98.0,17.392,2---2,Down
AMZN,180719,200619,P,1700.0,196.055,280,13,270,5.293,4.29,81.43,20180726,amc,,1812.97,107.0,17.392,2---2,Up
AMZN,180719,180817,C,1770.0,99.583,854,357,849,8.455,0.00,100.00,20180726,amc,,1812.97,102.0,17.392,2---2,Down
AMZN,180719,190118,P,2100.0,312.382,572,221,303,9.465,20.98,76.92,20180726,amc,,1812.97,86.0,17.392,2---2,Up
ANF,180719,181116,P,27.0,3.4,1712,103,1605,0.546,0.00,100.00,20180822,bmo,,26.87,100.0,0.546,1---1,Up
AON,180719,180817,C,145.0,3.498,1186,1661,-1007,-0.352,14.50,10.71,20180727,bmo,,146.15,101.0,0.352,2---2,Up
APA,180719,180720,C,42.5,1.896,4451,3425,-3261,-0.618,58.35,38.49,20180801,amc,20180720.0,44.55,105.0,0.618,1---1,Up
APA,180719,180720,C,37.5,6.93,1833,711,-697,-0.483,31.53,23.02,20180801,amc,20180720.0,44.55,119.0,0.618,1---1,Up
APA,180719,180720,C,40.0,4.428,1969,862,-755,-0.334,30.62,53.94,20180801,amc,20180720.0,44.55,111.0,0.618,1---1,Down
ATVI,180719,200117,C,82.5,12.863,809,32,808,1.039,98.89,1.11,20180802,amc,,80.61,98.0,1.039,1---1,Up
AVB,180719,181019,P,165.0,2.92,1342,60,1234,0.36,21.09,73.47,20180730,amc,,172.4,104.0,0.36,1---1,Up
AVGO,180719,190118,C,200.0,22.586,200,1989,-141,-0.318,18.50,77.00,20180820,amc,,210.37,105.0,0.318,2---2,Down
AVGO,180719,190118,C,150.0,62.2,50,172,-50,-0.311,100.00,0.00,20180820,amc,,210.37,140.0,0.318,2---2,Up
AVGO,180719,180921,C,210.0,10.885,647,3872,-283,-0.308,39.88,35.55,20180820,amc,,210.37,100.0,0.318,2---2,Up
AXGN,180719,181019,C,60.0,3.65,1000,41,981,0.358,0.00,100.00,,,,55.2,92.0,0.358,1---1,Down
AXP,180719,200117,P,150.0,50.2,10,70,-65,-0.326,100.00,0.00,20181016,amc,,100.17,67.0,1.289,1---1,Down
AXP,180719,181019,C,100.0,4.176,1105,2718,739,0.309,44.43,46.97,20181016,amc,,100.17,100.0,1.289,1---1,Down
AXP,180719,200117,C,95.0,14.917,865,166,864,1.289,41.04,47.40,20181016,amc,,100.17,105.0,1.289,1---1,Down
BA,180719,180720,P,370.0,13.009,17,1809,-825,-1.073,29.41,70.59,20180725,bmo,20180809.0,355.33,96.0,1.08,2---2,Up
BA,180719,181019,C,380.0,8.716,547,186,417,0.363,72.39,27.24,20180725,bmo,20180809.0,355.33,94.0,1.08,2---2,Up
BA,180719,180921,P,320.0,4.022,937,1645,924,0.372,85.91,0.53,20180725,bmo,20180809.0,355.33,111.0,1.08,2---2,Down
BA,180719,200117,C,255.0,112.2,50,95,50,0.561,0.00,100.00,20180725,bmo,20180809.0,355.33,139.0,1.08,2---2,Down
BA,180719,180921,P,350.0,11.77,955,961,918,1.08,3.46,96.54,20180725,bmo,20180809.0,355.33,102.0,1.08,2---2,Up
BABA,180719,180720,P,200.0,12.143,207,14133,-1278,-1.552,51.21,48.31,20180815,bmo,,187.34,94.0,6.703,2---2,Down
BABA,180719,180720,C,185.0,3.1,6161,38161,-3706,-1.149,55.23,27.80,20180815,bmo,,187.34,101.0,6.703,2---2,Up
BABA,180719,190118,C,200.0,12.492,1465,19130,-873,-1.091,21.57,71.60,20180815,bmo,,187.34,94.0,6.703,2---2,Down
BABA,180719,180720,P,195.0,7.208,465,5200,-1304,-0.94,35.05,62.58,20180815,bmo,,187.34,96.0,6.703,2---2,Up
BABA,180719,180720,P,205.0,17.355,57,10340,-494,-0.857,89.47,10.53,20180815,bmo,,187.34,91.0,6.703,2---2,Down
BABA,180719,181019,C,220.0,2.632,142,8307,-1928,-0.507,35.92,59.86,20180815,bmo,,187.34,85.0,6.703,2---2,Down
BABA,180719,180720,P,197.5,9.783,101,940,-462,-0.452,90.10,9.90,20180815,bmo,,187.34,95.0,6.703,2---2,Down
BABA,180719,180921,C,190.0,9.274,613,4498,330,0.306,60.03,38.34,20180815,bmo,,187.34,99.0,6.703,2---2,Up
BABA,180719,180921,C,220.0,1.517,3227,12198,2120,0.322,12.71,77.81,20180815,bmo,,187.34,85.0,6.703,2---2,Down
BABA,180719,180817,C,200.0,2.831,5370,22019,1365,0.386,32.63,55.92,20180815,bmo,,187.34,94.0,6.703,2---2,Down
BABA,180719,180810,P,210.0,22.51,180,122,174,0.392,43.33,53.33,20180815,bmo,,187.34,89.0,6.703,2---2,Up
BABA,180719,180921,P,185.0,8.247,1046,6518,631,0.52,52.87,47.13,20180815,bmo,,187.34,101.0,6.703,2---2,Down
BABA,180719,180727,C,190.0,2.111,4711,2849,2666,0.563,59.14,35.79,20180815,bmo,,187.34,99.0,6.703,2---2,Up
BABA,180719,181019,P,190.0,12.379,877,12016,499,0.618,66.13,21.44,20180815,bmo,,187.34,99.0,6.703,2---2,Down
BABA,180719,180817,C,180.0,11.98,623,1588,583,0.698,92.62,7.06,20180815,bmo,,187.34,104.0,6.703,2---2,Up
BABA,180719,181019,P,185.0,9.848,1068,8169,711,0.7,96.07,3.93,20180815,bmo,,187.34,101.0,6.703,2---2,Down
BABA,180719,180824,C,195.0,4.816,1883,241,1653,0.796,32.34,67.07,20180815,bmo,,187.34,96.0,6.703,2---2,Down
BABA,180719,180817,P,190.0,8.082,1487,49393,1033,0.835,89.31,9.55,20180815,bmo,,187.34,99.0,6.703,2---2,Down
BABA,180719,180803,C,180.0,9.904,1059,4008,936,0.927,86.69,6.23,20180815,bmo,,187.34,104.0,6.703,2---2,Up
BABA,180719,180921,C,180.0,14.529,819,2066,649,0.943,82.91,15.75,20180815,bmo,,187.34,104.0,6.703,2---2,Up
BABA,180719,180824,C,185.0,9.327,1850,149,1845,1.721,95.19,4.81,20180815,bmo,,187.34,101.0,6.703,2---2,Up
BABA,180719,180921,C,200.0,5.398,4527,9083,3198,1.726,57.65,28.72,20180815,bmo,,187.34,94.0,6.703,2---2,Up
BABA,180719,181019,C,215.0,3.433,5959,24902,5731,1.968,9.80,89.48,20180815,bmo,,187.34,87.0,6.703,2---2,Down
BABA,180719,180817,P,185.0,5.689,4980,18221,4522,2.573,73.49,25.30,20180815,bmo,,187.34,101.0,6.703,2---2,Down
BABA,180719,180817,C,185.0,8.676,6552,17092,5676,4.924,19.17,80.46,20180815,bmo,,187.34,101.0,6.703,2---2,Down
BABA,180719,181019,C,190.0,11.24,6154,31150,5964,6.703,94.13,5.00,20180815,bmo,,187.34,99.0,6.703,2---2,Up
BAC,180719,180720,P,30.0,0.261,23329,125397,-15853,-0.413,88.47,11.04,20181015,bmo,,29.67,99.0,0.984,2---2,Down
BAC,180719,180921,C,30.0,0.869,5753,38669,4041,0.351,22.30,77.54,20181015,bmo,,29.67,99.0,0.984,2---2,Down
BAC,180719,180817,C,30.0,0.538,24743,115801,14678,0.79,69.44,30.52,20181015,bmo,,29.67,99.0,0.984,2---2,Up
BAC,180719,180817,P,30.0,0.655,22515,54055,15026,0.984,27.41,72.52,20181015,bmo,,29.67,99.0,0.984,2---2,Up
BBBY,180719,190118,P,20.0,2.722,4105,1583,3028,0.824,98.32,1.68,20180925,amc,20180913.0,19.23,96.0,0.824,1---1,Down
BBY,180719,180921,P,80.0,5.713,2272,2039,2008,1.147,93.79,6.12,20180827,bmo,,77.98,97.0,1.147,1---1,Down
BIDU,180719,180720,C,250.0,15.371,424,2683,-299,-0.46,2.36,95.75,20180731,amc,,262.42,105.0,0.703,2---2,Down
BIDU,180719,180720,C,260.0,4.348,1519,3090,701,0.305,27.72,64.71,20180731,amc,,262.42,101.0,0.703,2---2,Down
BIDU,180719,180817,C,270.0,9.406,841,8452,452,0.425,67.30,32.10,20180731,amc,,262.42,97.0,0.703,2---2,Up
BIDU,180719,180817,P,270.0,14.316,576,759,491,0.703,2.26,97.74,20180731,amc,,262.42,97.0,0.703,2---2,Up
BIIB,180719,180817,C,380.0,9.399,709,886,488,0.459,94.08,5.50,20180724,bmo,,358.11,94.0,0.732,2---2,Up
BIIB,180719,180817,C,360.0,17.189,495,1753,365,0.627,83.84,13.33,20180724,bmo,,358.11,99.0,0.732,2---2,Up
BIIB,180719,180817,C,365.0,14.886,592,95,492,0.732,89.02,10.98,20180724,bmo,,358.11,98.0,0.732,2---2,Up
BKNG,180719,180720,P,2070.0,56.98,210,268,-236,-1.345,12.38,87.62,20180808,amc,,2010.6,97.0,1.345,1---2,Up
BKNG,180719,180720,P,2050.0,35.21,30,228,-149,-0.525,16.67,83.33,20180808,amc,,2010.6,98.0,1.345,1---2,Up
BKNG,180719,180817,P,1940.0,36.49,3,242,-99,-0.361,0.00,100.00,20180808,amc,,2010.6,104.0,1.345,1---2,Up
BKNG,180719,181019,C,2030.0,89.0,60,17,59,0.525,0.00,100.00,20180808,amc,,2010.6,99.0,1.345,1---2,Down
BLUE,180719,180720,C,170.0,9.924,633,912,-597,-0.592,9.48,90.52,20180731,amc,,178.95,105.0,0.592,1---1,Down
BPY,180719,180921,P,25.0,6.92,450,42682,1089,0.754,88.89,11.11,,,,19.84,79.0,0.754,2---2,Down
BRKB,180719,190118,C,175.0,28.727,1110,5247,-550,-1.58,11.17,88.83,,,,,,13.868,2---2,Down
BRKB,180719,190118,C,170.0,33.157,1404,5527,-455,-1.509,42.38,52.78,,,,,,13.868,2---2,Down
BRKB,180719,190621,P,175.0,3.935,1052,142,1044,0.411,71.01,28.99,,,,,,13.868,2---2,Down
BRKB,180719,200117,P,180.0,7.194,1036,803,1036,0.745,19.59,80.41,,,,,,13.868,2---2,Up
BRKB,180719,200117,C,220.0,11.801,2565,15124,2272,2.681,21.25,55.32,,,,,,13.868,2---2,Down
BRKB,180719,200117,C,150.0,59.675,2557,17207,2324,13.868,63.82,31.72,,,,,,13.868,2---2,Up
BRZU,180719,180817,P,23.0,3.575,1201,2333,1200,0.429,1.83,98.17,,,,21.86,95.0,0.429,1---1,Up
BUD,180719,180727,P,99.0,0.52,7000,106,7000,0.364,0.00,0.00,,,,103.53,105.0,0.823,2---2,Unknow
BUD,180719,180727,P,102.0,1.523,3544,233,3503,0.533,98.79,1.10,,,,103.53,101.0,0.823,2---2,Down
BUD,180719,180817,C,100.0,4.57,20,7360,1800,0.823,95.00,5.00,,,,103.53,104.0,0.823,2---2,Up
C,180719,180720,C,66.0,3.009,71,6671,-3014,-0.907,12.68,81.69,20181012,bmo,,68.99,105.0,0.907,1---2,Down
C,180719,180720,C,65.0,4.023,114,5992,-794,-0.319,44.74,46.49,20181012,bmo,,68.99,106.0,0.907,1---2,Down
C,180719,181221,C,80.0,0.52,7613,16820,7496,0.39,45.28,54.72,20181012,bmo,,68.99,86.0,0.907,1---2,Down
C,180719,180921,C,67.5,3.027,2986,16502,1612,0.488,62.22,31.78,20181012,bmo,,68.99,102.0,0.907,1---2,Up
C,180719,190118,C,70.0,3.702,3461,18230,2206,0.817,10.49,89.22,20181012,bmo,,68.99,99.0,0.907,1---2,Down
CAT,180719,180720,P,145.0,4.843,4736,11814,-4256,-2.061,35.54,55.51,20180730,bmo,20180719.0,139.42,96.0,2.061,1---2,Up
CAT,180719,180720,P,150.0,10.128,285,3293,-810,-0.82,15.79,82.11,20180730,bmo,20180719.0,139.42,93.0,2.061,1---2,Up
CAT,180719,181116,C,150.0,4.612,1580,5485,1458,0.672,67.66,25.06,20180730,bmo,20180719.0,139.42,93.0,2.061,1---2,Up
CAT,180719,180817,P,135.0,2.44,5017,8232,4495,1.097,15.59,79.03,20180730,bmo,20180719.0,139.42,103.0,2.061,1---2,Up
CCI,180719,180720,C,105.0,5.928,885,2830,-802,-0.475,87.46,12.32,20181016,amc,,111.03,106.0,0.475,1---1,Up
CE,180719,180817,C,105.0,6.131,630,24,584,0.358,48.41,51.27,20180719,amc,,109.98,105.0,0.358,1---1,Down
CELG,180719,180720,C,80.0,5.471,340,36187,-693,-0.379,39.41,57.94,20180726,bmo,,85.34,107.0,0.379,2---2,Down
CHTR,180719,180817,P,285.0,7.51,510,1036,502,0.377,85.49,14.12,20180731,bmo,,291.14,102.0,0.531,1---1,Down
CHTR,180719,180817,P,290.0,10.255,546,16,518,0.531,91.03,8.97,20180731,bmo,,291.14,100.0,0.531,1---1,Down
CLF,180719,180720,C,7.0,1.744,10924,14599,-10620,-1.852,98.89,1.11,20180720,bmo,,8.84,126.0,2.024,1---1,Up
CLF,180719,180817,C,7.0,1.881,10987,1603,10761,2.024,99.18,0.73,20180720,bmo,,8.84,126.0,2.024,1---1,Up
CLX,180719,180817,P,135.0,6.897,750,93,675,0.466,0.00,86.27,20180802,bmo,20180731.0,130.34,97.0,0.466,2---2,Up
CMCSA,180719,180817,C,35.0,1.119,4770,66348,-3650,-0.409,73.38,20.00,20180726,bmo,,34.91,100.0,4.907,1---2,Up
CMCSA,180719,190315,C,35.0,3.067,16001,117,16000,4.907,9.38,90.62,20180726,bmo,,34.91,100.0,4.907,1---2,Down
CMG,180719,180727,P,455.0,15.672,248,194,202,0.317,58.47,27.42,20180726,amc,,454.83,100.0,0.375,1---1,Down
CMG,180719,180817,P,455.0,18.77,227,678,200,0.375,40.09,57.27,20180726,amc,,454.83,100.0,0.375,1---1,Up
COF,180719,180720,C,94.0,2.779,1582,121,1491,0.414,65.61,33.00,20180719,amc,,95.37,101.0,0.414,1---1,Up
COP,180719,180817,C,60.0,9.86,36,2045,-2001,-1.973,100.00,0.00,20180726,bmo,,69.69,116.0,1.973,1---2,Up
COP,180719,180817,C,52.5,17.55,200,224,-221,-0.388,100.00,0.00,20180726,bmo,,69.69,133.0,1.973,1---2,Up
COP,180719,180720,C,65.0,4.882,719,673,-631,-0.308,40.61,49.65,20180726,bmo,,69.69,107.0,1.973,1---2,Down
COST,180719,180817,C,210.0,8.834,131,3304,384,0.339,55.73,43.51,20181004,amc,,217.54,104.0,0.539,2---2,Up
COST,180719,181019,C,220.0,6.8,998,1980,792,0.539,19.34,79.96,20181004,amc,,217.54,99.0,0.539,2---2,Down
CPB,180719,181116,C,42.0,2.895,2518,10399,2258,0.654,73.95,2.22,20180829,bmo,,40.95,98.0,0.654,2---2,Up
CRM,180719,181116,P,140.0,5.231,899,1409,865,0.452,12.24,87.76,20180820,amc,,147.16,105.0,0.63,1---2,Up
CRM,180719,190118,P,150.0,10.9,550,735,550,0.6,100.00,0.00,20180820,amc,,147.16,98.0,0.63,1---2,Down
CRM,180719,181116,P,155.0,11.9,600,99,529,0.63,0.00,100.00,20180820,amc,,147.16,95.0,0.63,1---2,Up
CTAS,180719,180720,P,190.0,3.16,1102,304,964,0.305,97.46,1.81,20180719,amc,,193.68,102.0,0.346,2---2,Down
CTAS,180719,180720,P,185.0,1.69,2408,433,2049,0.346,3.49,95.60,20180719,amc,,193.68,105.0,0.346,2---2,Up
CTB,180719,181116,P,23.0,1.079,12785,25,11975,1.293,97.35,2.65,20180802,bmo,,25.8,112.0,1.293,1---1,Down
CTSH,180719,200117,P,80.0,8.0,500,149,498,0.398,100.00,0.00,20180802,bmo,,82.38,103.0,0.398,1---1,Down
CVRR,180719,181221,P,30.0,8.922,502,298,502,0.448,50.20,49.80,20180725,amc,,23.3,78.0,0.448,1---1,Down
CVX,180719,180817,C,125.0,1.474,2719,8448,2130,0.314,49.94,29.39,20180727,bmo,,121.67,97.0,0.533,1---1,Up
CVX,180719,190621,C,125.0,7.505,1004,531,710,0.533,0.40,99.60,20180727,bmo,,121.67,97.0,0.533,1---1,Down
CXO,180719,180817,C,150.0,5.678,758,1059,600,0.341,2.24,95.65,20180801,amc,,148.27,99.0,0.341,1---1,Down
CZR,180719,190118,C,12.0,1.213,7466,12249,6955,0.844,99.87,0.13,20180801,amc,,11.55,96.0,0.844,1---2,Up
DAL,180719,180720,C,49.0,3.831,4896,6648,-1401,-0.537,0.00,100.00,20181009,bmo,20180725.0,53.0,108.0,1.671,1---2,Down
DAL,180719,180817,C,52.5,1.477,21402,3688,11312,1.671,82.25,14.76,20181009,bmo,20180725.0,53.0,101.0,1.671,1---2,Up
DIS,180719,180720,C,105.0,8.123,475,20633,-916,-0.744,45.89,35.16,20180807,amc,,112.13,107.0,1.025,1---2,Up
DIS,180719,180921,C,105.0,10.248,640,6340,-469,-0.481,30.00,38.75,20180807,amc,,112.13,107.0,1.025,1---2,Down
DIS,180719,180727,C,111.0,2.764,5079,7805,-1614,-0.446,18.04,80.33,20180807,amc,,112.13,101.0,1.025,1---2,Down
DIS,180719,180720,C,110.0,3.349,3462,33043,-1202,-0.403,36.60,60.72,20180807,amc,,112.13,102.0,1.025,1---2,Down
DIS,180719,180921,C,120.0,1.445,9008,7609,3826,0.553,69.01,30.34,20180807,amc,,112.13,93.0,1.025,1---2,Up
DIS,180719,180817,C,115.0,2.189,11338,4289,3573,0.782,81.83,15.22,20180807,amc,,112.13,98.0,1.025,1---2,Up
DIS,180719,181019,C,120.0,2.186,6331,3248,3989,0.872,84.14,10.44,20180807,amc,,112.13,93.0,1.025,1---2,Up
DIS,180719,190621,C,115.0,9.284,1239,574,1104,1.025,91.44,8.56,20180807,amc,,112.13,98.0,1.025,1---2,Up
DISCA,180719,180817,P,25.0,0.537,7920,2465,7842,0.421,1.69,97.98,20180807,bmo,,26.69,107.0,0.984,1---1,Up
DISCA,180719,180817,C,27.5,0.995,11154,236,9892,0.984,79.07,17.64,20180807,bmo,,26.69,97.0,0.984,1---1,Up
DISH,180719,180817,P,32.5,2.29,5003,5079,-1503,-0.344,0.06,99.94,20180801,bmo,,31.2,96.0,1.055,1---1,Up
DISH,180719,180817,P,30.0,1.126,6329,3393,6128,0.69,97.31,2.64,20180801,bmo,,31.2,104.0,1.055,1---1,Down
DISH,180719,180921,P,30.0,1.713,6177,3836,6157,1.055,99.84,0.00,20180801,bmo,,31.2,104.0,1.055,1---1,Down
DLR,180719,180720,C,110.0,6.765,1570,3182,-1550,-1.049,0.57,1.27,20180726,amc,,116.68,106.0,1.049,1---1,Down
DM,180719,181116,C,15.0,3.061,2822,2167,-1026,-0.314,12.12,84.23,20180801,bmo,,16.85,112.0,0.314,1---1,Down
DNKN,180719,180817,C,75.0,1.22,3568,1571,3556,0.434,1.68,98.32,20180726,bmo,,72.25,96.0,0.434,1---1,Down
DPZ,180719,180720,P,280.0,4.053,1201,1327,-830,-0.336,15.07,78.52,20180719,bmo,,276.75,99.0,0.738,2---2,Up
DPZ,180719,180921,C,310.0,2.206,2036,185,2003,0.442,0.39,99.61,20180719,bmo,,276.75,89.0,0.738,2---2,Down
DPZ,180719,180921,C,290.0,6.755,1178,113,1093,0.738,93.89,5.52,20180719,bmo,,276.75,95.0,0.738,2---2,Up
DVN,180719,181019,C,48.0,1.653,2043,3512,2020,0.334,1.37,92.02,20180731,amc,20180913.0,44.14,92.0,0.417,1---1,Down
DVN,180719,181019,C,47.0,2.004,2207,2113,2081,0.417,0.05,99.95,20180731,amc,20180913.0,44.14,94.0,0.417,1---1,Down
EA,180719,190621,C,150.0,18.045,421,3,401,0.724,43.23,50.83,20180726,amc,,147.96,99.0,0.724,2---2,Down
EBAY,180719,180720,P,36.0,1.186,4769,9518,-2852,-0.338,58.13,37.26,20181016,amc,,34.11,95.0,1.114,1---2,Down
EBAY,180719,200117,P,33.0,3.061,4395,2924,3638,1.114,2.71,97.29,20181016,amc,,34.11,103.0,1.114,1---2,Up
EDU,180719,181019,C,95.0,7.488,1805,5762,-1203,-0.901,30.03,61.77,20180724,bmo,,93.96,99.0,0.901,1---2,Down
ENR,180719,180817,P,65.0,3.08,1375,17,1243,0.383,0.00,96.00,20180801,bmo,,63.37,97.0,0.383,1---1,Up
ENTA,180719,180720,C,95.0,28.4,300,314,-270,-0.767,100.00,0.00,20180807,amc,,123.13,130.0,0.767,1---1,Up
EQIX,180719,180817,C,440.0,11.05,368,200,365,0.403,2.72,97.01,20180808,amc,,437.19,99.0,0.403,1---1,Down
ERJ,180719,180720,P,25.0,3.29,1,4494,-972,-0.32,0.00,100.00,,,,21.72,87.0,0.32,1---1,Up
ESRX,180719,190118,P,65.0,3.825,905,20007,-6589,-2.52,91.49,8.51,20180801,amc,,76.73,118.0,2.52,1---2,Down
ESRX,180719,180817,P,75.0,2.449,1969,2464,1733,0.424,91.32,8.68,20180801,amc,,76.73,102.0,2.52,1---2,Down
F,180719,180720,C,10.0,0.816,18855,5587,-5485,-0.447,29.61,65.62,20180725,amc,,10.82,108.0,1.57,2---2,Down
F,180719,180817,C,10.0,0.827,5179,10539,4607,0.381,94.34,5.41,20180725,amc,,10.82,108.0,1.57,2---2,Up
F,180719,190118,P,12.0,1.57,10000,4052,10000,1.57,0.00,100.00,20180725,amc,,10.82,90.0,1.57,2---2,Up
FB,180719,180720,C,175.0,33.646,73,12484,-970,-3.264,79.45,17.81,20180725,amc,,208.09,119.0,4.006,2---2,Up
FB,180719,180720,C,170.0,38.794,124,5777,-400,-1.552,38.71,20.97,20180725,amc,,208.09,122.0,4.006,2---2,Up
FB,180719,200117,P,190.0,17.322,1071,2036,-528,-0.915,43.88,42.30,20180725,amc,,208.09,110.0,4.006,2---2,Down
FB,180719,190118,C,170.0,44.358,218,14106,-200,-0.887,94.04,5.05,20180725,amc,,208.09,122.0,4.006,2---2,Up
FB,180719,180720,C,160.0,48.45,149,2321,-162,-0.785,93.29,4.70,20180725,amc,,208.09,130.0,4.006,2---2,Up
FB,180719,190621,C,190.0,36.327,271,1010,-175,-0.636,1.48,98.52,20180725,amc,,208.09,110.0,4.006,2---2,Down
FB,180719,190118,C,100.0,110.326,101,21115,-50,-0.552,0.00,100.00,20180725,amc,,208.09,208.0,4.006,2---2,Down
FB,180719,180720,C,180.0,28.74,132,15066,-128,-0.368,38.64,58.33,20180725,amc,,208.09,116.0,4.006,2---2,Down
FB,180719,180720,C,150.0,58.667,77,1021,-62,-0.364,93.51,6.49,20180725,amc,,208.09,139.0,4.006,2---2,Up
FB,180719,180817,P,245.0,36.425,91,825,83,0.302,87.91,12.09,20180725,amc,,208.09,85.0,4.006,2---2,Down
FB,180719,180727,P,197.5,1.839,1897,4269,1754,0.323,8.43,90.67,20180725,amc,,208.09,105.0,4.006,2---2,Up
FB,180719,180817,P,215.0,10.8,581,1539,336,0.363,2.41,91.39,20180725,amc,,208.09,97.0,4.006,2---2,Up
FB,180719,180727,P,235.0,26.544,146,346,138,0.366,32.88,65.07,20180725,amc,,208.09,89.0,4.006,2---2,Up
FB,180719,180727,P,220.0,12.735,327,688,288,0.367,63.91,35.78,20180725,amc,,208.09,95.0,4.006,2---2,Down
FB,180719,190118,C,250.0,4.06,1059,10148,925,0.376,26.44,61.19,20180725,amc,,208.09,83.0,4.006,2---2,Down
FB,180719,190118,C,190.0,28.997,246,11932,134,0.389,25.61,72.76,20180725,amc,,208.09,110.0,4.006,2---2,Down
FB,180719,180727,C,207.5,6.51,1943,2551,627,0.408,35.67,53.32,20180725,amc,,208.09,100.0,4.006,2---2,Down
FB,180719,180727,C,220.0,1.64,2871,7833,2501,0.41,83.70,11.11,20180725,amc,,208.09,95.0,4.006,2---2,Up
FB,180719,181221,C,200.0,20.915,272,2575,198,0.414,11.40,88.60,20180725,amc,,208.09,104.0,4.006,2---2,Down
FB,180719,190118,C,215.0,14.156,593,4721,295,0.418,53.79,45.87,20180725,amc,,208.09,97.0,4.006,2---2,Up
FB,180719,190315,C,100.0,110.881,78,3,38,0.421,46.15,53.85,20180725,amc,,208.09,208.0,4.006,2---2,Down
FB,180719,200619,C,210.0,38.613,121,489,121,0.467,0.00,100.00,20180725,amc,,208.09,99.0,4.006,2---2,Down
FB,180719,180727,P,227.5,19.205,290,391,278,0.534,90.34,0.00,20180725,amc,,208.09,91.0,4.006,2---2,Down
FB,180719,200117,C,210.0,33.245,280,2991,251,0.834,22.50,77.50,20180725,amc,,208.09,99.0,4.006,2---2,Down
FB,180719,180921,P,225.0,18.5,500,246,476,0.881,100.00,0.00,20180725,amc,,208.09,92.0,4.006,2---2,Down
FB,180719,180817,P,250.0,41.662,289,1,287,1.196,96.19,3.81,20180725,amc,,208.09,83.0,4.006,2---2,Down
FB,180719,200117,P,200.0,21.311,673,1807,619,1.319,13.37,84.84,20180725,amc,,208.09,104.0,4.006,2---2,Up
FB,180719,190621,C,90.0,121.592,226,274,113,1.374,20.80,79.20,20180725,amc,,208.09,231.0,4.006,2---2,Down
FB,180719,180727,C,180.0,29.227,778,3194,480,1.403,91.90,6.81,20180725,amc,,208.09,116.0,4.006,2---2,Up
FB,180719,190118,C,90.0,120.22,474,922,188,2.26,30.17,68.14,20180725,amc,,208.09,231.0,4.006,2---2,Down
FB,180719,200619,P,200.0,24.455,1078,411,981,2.399,46.29,22.54,20180725,amc,,208.09,104.0,4.006,2---2,Down
FB,180719,181221,C,90.0,119.612,455,57,228,2.727,12.31,87.69,20180725,amc,,208.09,231.0,4.006,2---2,Down
FB,180719,180817,P,240.0,31.819,1545,4152,1259,4.006,83.43,15.79,20180725,amc,,208.09,87.0,4.006,2---2,Down
FCX,180719,181116,C,17.0,1.052,8151,4734,3424,0.36,55.51,41.82,20180725,bmo,,15.8,93.0,1.108,1---1,Up
FCX,180719,190118,C,18.0,0.99,4937,3435,3842,0.38,13.02,5.41,20180725,bmo,,15.8,88.0,1.108,1---1,Up
FCX,180719,180817,C,17.0,0.412,14539,39839,9981,0.411,60.28,37.67,20180725,bmo,,15.8,93.0,1.108,1---1,Up
FCX,180719,190118,P,18.0,2.967,4429,1973,3734,1.108,9.46,0.23,20180725,bmo,,15.8,88.0,1.108,1---1,Down
FDX,180719,181019,C,200.0,38.086,131,365,91,0.347,39.69,60.31,20180917,amc,,236.55,118.0,0.347,2---2,Down
FFIV,180719,180727,P,180.0,10.455,832,475,721,0.754,74.76,16.35,20180725,bmo,,171.69,95.0,0.852,1---1,Down
FFIV,180719,180817,P,180.0,11.462,850,508,743,0.852,39.53,53.53,20180725,bmo,,171.69,95.0,0.852,1---1,Up
FOXA,180719,180720,P,48.0,2.087,665,14421,-2783,-0.581,53.23,46.77,20180808,amc,,46.65,97.0,1.012,1---1,Down
FOXA,180719,180720,P,47.0,0.838,5505,21236,-4924,-0.413,9.59,90.41,20180808,amc,,46.65,99.0,1.012,1---1,Up
FOXA,180719,190118,C,48.0,1.466,2247,117,2226,0.326,10.01,89.99,20180808,amc,,46.65,97.0,1.012,1---1,Down
FOXA,180719,180817,C,46.0,0.824,4190,171,4079,0.336,1.36,98.45,20180808,amc,,46.65,101.0,1.012,1---1,Down
FOXA,180719,180817,P,46.0,0.771,5764,43100,4545,0.35,11.14,17.51,20180808,amc,,46.65,101.0,1.012,1---1,Up
FOXA,180719,190118,C,50.0,0.786,15450,739,12885,1.012,77.61,14.29,20180808,amc,,46.65,93.0,1.012,1---1,Up
FTI,180719,180817,C,33.0,0.623,8626,1862,5213,0.325,74.12,22.93,,,,30.1,91.0,0.325,1---1,Up
GD,180719,180817,P,185.0,1.653,10013,222,9963,1.647,0.04,99.96,20180725,bmo,,194.35,105.0,1.647,1---1,Up
GE,180719,200117,C,13.0,2.276,3265,65096,1380,0.314,29.40,65.97,20180720,bmo,,13.73,106.0,2.796,1---2,Down
GE,180719,190621,P,12.0,0.691,5568,28381,4631,0.32,7.27,91.00,20180720,bmo,,13.73,114.0,2.796,1---2,Up
GE,180719,180921,C,15.0,0.224,56995,113185,15421,0.345,77.78,22.08,20180720,bmo,,13.73,92.0,2.796,1---2,Up
GE,180719,200117,P,13.0,1.383,8138,131456,7111,0.983,13.70,86.30,20180720,bmo,,13.73,106.0,2.796,1---2,Up
GE,180719,190118,P,16.0,2.68,10000,10479,10431,2.796,100.00,0.00,20180720,bmo,,13.73,86.0,2.796,1---2,Down
GGB,180719,180921,C,4.0,0.313,60012,582,60012,1.88,0.02,0.00,,,,4.09,102.0,2.024,1---1,Up
GGB,180719,180921,P,4.0,0.308,65840,2972,65828,2.024,0.02,0.00,,,,4.09,102.0,2.024,1---1,Down
GILD,180719,180720,C,72.5,4.631,5037,9381,-3122,-1.446,0.83,98.97,20180725,amc,,77.05,106.0,1.446,2---2,Down
GILD,180719,180720,C,70.0,6.878,63,9630,-552,-0.38,58.73,39.68,20180725,amc,,77.05,110.0,1.446,2---2,Up
GILD,180719,180810,C,80.0,1.297,18148,946,9781,1.268,99.83,0.08,20180725,amc,,77.05,96.0,1.446,2---2,Up
GLD,180719,180720,P,120.0,4.702,4836,6645,-3819,-1.796,65.94,33.40,,,,115.81,97.0,1.796,2---2,Down
GLD,180719,180817,C,116.0,1.315,5409,22450,2315,0.304,50.03,45.18,,,,115.81,100.0,1.796,2---2,Up
GLD,180719,180817,P,114.0,0.772,5353,4570,4013,0.31,3.72,95.20,,,,115.81,102.0,1.796,2---2,Up
GLD,180719,180817,C,100.0,15.653,200,20,200,0.313,10.00,77.00,,,,115.81,116.0,1.796,2---2,Down
GLD,180719,180921,C,111.0,5.379,954,393,605,0.325,0.10,36.48,,,,115.81,104.0,1.796,2---2,Down
GLD,180719,180817,C,115.0,1.961,7555,2907,3009,0.59,52.83,41.14,,,,115.81,101.0,1.796,2---2,Up
GLD,180719,181221,C,118.0,3.019,2143,811,2058,0.621,99.07,0.79,,,,115.81,98.0,1.796,2---2,Up
GLD,180719,190621,C,118.0,5.34,1250,94,1195,0.638,0.00,100.00,,,,115.81,98.0,1.796,2---2,Down
GLD,180719,180817,P,118.0,2.913,3267,21524,3049,0.888,61.89,37.07,,,,115.81,98.0,1.796,2---2,Down
GM,180719,180720,P,41.0,1.61,78,12438,-5002,-0.805,5.13,82.05,20180725,bmo,,39.31,96.0,0.805,2---2,Up
GM,180719,180720,P,43.0,3.63,10,2881,-1643,-0.596,70.00,30.00,20180725,bmo,,39.31,91.0,0.805,2---2,Down
GM,180719,181221,C,35.0,5.348,1437,34,1146,0.613,37.86,59.99,20180725,bmo,,39.31,112.0,0.805,2---2,Down
GME,180719,180817,P,16.0,1.39,3000,222,2901,0.403,91.90,0.00,20180822,amc,,14.92,93.0,0.403,1---1,Down
GOOG,180719,180921,C,1170.0,58.829,72,208,54,0.318,1.39,90.28,,,,1186.96,101.0,0.69,2---2,Down
GOOG,180719,180727,C,1180.0,35.855,126,165,89,0.319,87.30,12.70,,,,1186.96,101.0,0.69,2---2,Up
GOOG,180719,180727,C,1100.0,93.582,63,82,35,0.328,3.17,96.83,,,,1186.96,108.0,0.69,2---2,Down
GOOG,180719,180727,C,1185.0,31.628,136,59,112,0.354,16.91,83.09,,,,1186.96,100.0,0.69,2---2,Down
GOOG,180719,180727,C,1155.0,50.844,120,70,86,0.437,32.50,65.00,,,,1186.96,103.0,0.69,2---2,Down
GOOG,180719,180727,C,1135.0,66.309,122,58,104,0.69,27.87,72.13,,,,1186.96,105.0,0.69,2---2,Down
GOOGL,180719,180727,C,1160.0,55.628,289,804,-164,-0.912,94.81,5.19,20180723,amc,,1199.1,103.0,1.997,2---2,Up
GOOGL,180719,180817,C,1195.0,43.334,171,373,-142,-0.615,80.70,19.30,20180723,amc,,1199.1,100.0,1.997,2---2,Up
GOOGL,180719,190118,C,1080.0,168.28,30,356,-30,-0.505,100.00,0.00,20180723,amc,,1199.1,111.0,1.997,2---2,Up
GOOGL,180719,180720,C,1180.0,23.858,1202,3576,-179,-0.427,72.21,27.37,20180723,amc,,1199.1,102.0,1.997,2---2,Up
GOOGL,180719,180720,C,1202.5,5.739,1791,1095,-619,-0.355,46.23,40.59,20180723,amc,,1199.1,100.0,1.997,2---2,Up
GOOGL,180719,180720,C,1205.0,5.312,2129,1314,-659,-0.35,53.22,34.19,20180723,amc,,1199.1,100.0,1.997,2---2,Up
GOOGL,180719,180720,C,1170.0,33.238,123,2711,-97,-0.322,43.09,55.28,20180723,amc,,1199.1,102.0,1.997,2---2,Down
GOOGL,180719,181221,C,1090.0,154.276,23,34,23,0.355,0.00,69.57,20180723,amc,,1199.1,110.0,1.997,2---2,Down
GOOGL,180719,180727,C,1200.0,32.192,447,618,127,0.409,51.68,41.83,20180723,amc,,1199.1,100.0,1.997,2---2,Up
GOOGL,180719,190118,C,1100.0,152.388,41,1197,32,0.488,14.63,80.49,20180723,amc,,1199.1,109.0,1.997,2---2,Down
GOOGL,180719,190118,C,1200.0,89.68,120,2364,56,0.502,34.17,65.83,20180723,amc,,1199.1,100.0,1.997,2---2,Down
GOOGL,180719,180817,C,1310.0,5.57,1617,102,1519,0.846,3.09,68.34,20180723,amc,,1199.1,92.0,1.997,2---2,Down
GOOGL,180719,180727,C,1100.0,105.364,276,90,126,1.328,37.32,60.14,20180723,amc,,1199.1,109.0,1.997,2---2,Down
GOOGL,180719,200117,P,1150.0,98.387,205,63,203,1.997,10.73,89.27,20180723,amc,,1199.1,104.0,1.997,2---2,Up
GS,180719,180921,C,210.0,21.667,265,160,201,0.436,27.92,58.87,20181016,bmo,20180829.0,229.63,109.0,2.854,1---1,Down
GS,180719,180817,C,230.0,4.972,7051,7407,4161,2.069,75.95,23.73,20181016,bmo,20180829.0,229.63,100.0,2.854,1---1,Up
GS,180719,180817,P,230.0,4.371,6773,4784,6530,2.854,83.55,16.24,20181016,bmo,20180829.0,229.63,100.0,2.854,1---1,Down
GWW,180719,180720,C,332.5,12.725,434,871,-426,-0.542,83.64,15.90,20181016,bmo,,341.45,103.0,0.644,1---2,Up
GWW,180719,180817,C,370.0,1.814,3562,32,3548,0.644,98.76,0.93,20181016,bmo,,341.45,92.0,0.644,1---2,Up
HBI,180719,180817,C,23.0,0.63,6733,1323,6118,0.385,6.85,3.74,20180801,bmo,,22.2,97.0,0.385,1---1,Up
HCLP,180719,180720,P,12.5,1.28,177,5673,-2881,-0.369,23.16,73.45,20180731,amc,,11.4,91.0,0.369,1---1,Up
HD,180719,180720,C,200.0,2.336,7892,14149,1290,0.301,32.68,65.59,20180814,bmo,,202.63,101.0,0.301,1---1,Down
HEAR,180719,180817,P,25.0,2.825,1340,76,1327,0.375,97.16,1.19,20180806,amc,,26.1,104.0,0.375,1---1,Down
HIIQ,180719,180817,P,30.0,1.3,2511,385,2501,0.325,99.60,0.40,20180731,amc,,32.35,108.0,0.343,1---1,Down
HIIQ,180719,180817,C,35.0,1.672,2245,460,2049,0.343,0.40,98.35,20180731,amc,,32.35,92.0,0.343,1---1,Down
HSY,180719,180727,C,95.0,0.871,3676,61,3501,0.305,1.09,98.59,20180726,bmo,,92.23,97.0,0.671,1---1,Down
HSY,180719,180727,C,92.5,1.864,4101,10,3600,0.671,93.32,5.32,20180726,bmo,,92.23,100.0,0.671,1---1,Up
HUYA,180719,190118,P,40.0,13.418,4223,5487,-2429,-3.259,23.42,64.41,,,,35.49,89.0,3.259,1---2,Up
HUYA,180719,190118,P,35.0,9.236,4351,5014,-1982,-1.831,24.89,63.73,,,,35.49,101.0,3.259,1---2,Up
HUYA,180719,190118,C,25.0,12.562,444,1223,-782,-0.982,78.60,10.14,,,,35.49,142.0,3.259,1---2,Up
HUYA,180719,190118,C,35.0,6.156,2853,7866,-1512,-0.931,43.43,45.99,,,,35.49,101.0,3.259,1---2,Down
HUYA,180719,190118,C,40.0,4.081,2087,7200,-1590,-0.649,33.54,59.85,,,,35.49,89.0,3.259,1---2,Down
HUYA,180719,190118,P,70.0,39.727,132,516,118,0.469,9.09,83.33,,,,35.49,51.0,3.259,1---2,Up
IBB,180719,180727,P,118.0,1.1,3372,36,3286,0.362,89.56,9.61,,,,118.35,100.0,0.362,1---2,Down
IBM,180719,180720,C,145.0,4.248,4544,24290,-1725,-0.733,52.07,44.74,20181015,amc,,149.24,103.0,0.788,2---2,Up
IBM,180719,200117,C,130.0,23.974,151,722,-139,-0.333,99.34,0.00,20181015,amc,,149.24,115.0,0.788,2---2,Up
IBM,180719,190118,P,140.0,4.301,1003,4997,705,0.303,11.86,12.56,20181015,amc,,149.24,107.0,0.788,2---2,Up
IBM,180719,190621,C,130.0,21.53,219,246,187,0.403,0.00,22.37,20181015,amc,,149.24,115.0,0.788,2---2,Down
IBM,180719,180817,C,150.0,2.139,10957,9686,3398,0.727,43.00,50.00,20181015,amc,,149.24,99.0,0.788,2---2,Down
IBM,180719,190621,C,155.0,7.469,1134,447,1055,0.788,2.03,97.53,20181015,amc,,149.24,96.0,0.788,2---2,Down
IGV,180719,181116,C,215.0,1.675,4010,19,3988,0.668,99.83,0.17,,,,195.9,91.0,0.668,1---1,Up
IMMU,180719,180720,C,15.0,11.0,4,1697,-429,-0.472,100.00,0.00,,,,26.0,173.0,0.472,1---1,Up
INTC,180719,180720,C,47.0,4.513,922,2358,-1220,-0.551,4.77,92.95,20180726,amc,,51.98,111.0,0.551,1---1,Down
IQ,180719,180720,P,40.0,5.775,623,7952,-5168,-2.984,86.36,8.83,20180731,amc,,32.65,82.0,2.984,1---2,Down
IQ,180719,180921,P,35.0,5.031,1077,15532,-687,-0.346,41.97,52.74,20180731,amc,,32.65,93.0,2.984,1---2,Up
IQ,180719,190118,P,22.5,1.57,2521,1406,2521,0.396,99.17,0.44,20180731,amc,,32.65,145.0,2.984,1---2,Down
IRBT,180719,181221,C,80.0,8.798,380,88,380,0.334,0.00,39.21,20180724,amc,,77.89,97.0,0.334,1---1,Down
ISRG,180719,180720,C,500.0,27.586,358,1111,-165,-0.455,51.96,45.25,20180719,amc,,521.29,104.0,0.971,1---2,Up
ISRG,180719,180720,C,525.0,11.69,864,727,285,0.333,42.59,51.85,20180719,amc,,521.29,99.0,0.971,1---2,Down
ISRG,180719,181019,P,540.0,37.0,100,17,100,0.37,100.00,0.00,20180719,amc,,521.29,97.0,0.971,1---2,Down
ISRG,180719,180817,C,525.0,18.015,337,111,234,0.422,66.77,28.78,20180719,amc,,521.29,99.0,0.971,1---2,Up
ISRG,180719,181019,C,450.0,84.457,116,195,115,0.971,81.90,17.24,20180719,amc,,521.29,116.0,0.971,1---2,Up
ITB,180719,181221,C,41.0,1.85,2977,11,2941,0.544,24.66,74.14,,,,40.09,98.0,0.544,2---2,Down
JCP,180719,180817,P,3.0,0.513,12140,17201,10237,0.525,97.29,1.91,20180809,bmo,,2.56,85.0,0.525,1---1,Down
JD,180719,180720,P,38.0,1.035,779,32611,-6050,-0.626,58.54,33.25,20180813,bmo,,36.88,97.0,1.575,2---2,Down
JD,180719,180727,P,38.0,1.356,2846,530,2497,0.339,98.10,1.69,20180813,bmo,,36.88,97.0,1.575,2---2,Down
JD,180719,181221,C,50.0,0.478,8042,10872,7998,0.383,17.15,67.32,20180813,bmo,,36.88,74.0,1.575,2---2,Down
JD,180719,180727,P,36.0,0.311,14177,294,13010,0.404,31.42,7.54,20180813,bmo,,36.88,102.0,1.575,2---2,Down
JD,180719,190118,P,34.0,1.905,3001,19977,3001,0.572,0.03,99.97,20180813,bmo,,36.88,108.0,1.575,2---2,Up
JD,180719,180817,C,38.0,1.064,979,35657,8208,0.873,44.84,36.47,20180813,bmo,,36.88,97.0,1.575,2---2,Up
JD,180719,180817,P,38.0,2.002,304,38106,7866,1.575,61.84,5.26,20180813,bmo,,36.88,97.0,1.575,2---2,Down
JPM,180719,190118,P,110.0,5.81,1206,7544,624,0.363,26.45,42.45,20181012,bmo,,109.89,100.0,3.11,1---2,Up
JPM,180719,190118,C,120.0,2.296,2184,16972,1816,0.417,17.22,73.21,20181012,bmo,,109.89,92.0,3.11,1---2,Down
JPM,180719,190118,P,105.0,3.924,2462,9335,1619,0.635,73.23,21.77,20181012,bmo,,109.89,105.0,3.11,1---2,Down
JPM,180719,180921,C,110.0,3.575,10699,18694,5327,1.904,4.18,95.21,20181012,bmo,,109.89,100.0,3.11,1---2,Down
JPM,180719,180921,P,110.0,2.918,11142,7186,10659,3.11,93.21,3.10,20181012,bmo,,109.89,100.0,3.11,1---2,Down
KEM,180719,180720,C,20.0,9.37,1000,1358,-943,-0.884,0.00,100.00,20180725,bmo,,29.39,147.0,0.884,1---1,Down
KEM,180719,180921,C,25.0,5.37,1000,993,1000,0.537,100.00,0.00,20180725,bmo,,29.39,118.0,0.884,1---1,Up
LOW,180719,180720,C,92.5,9.028,80,5739,-829,-0.748,78.75,21.25,20180822,bmo,20180724.0,101.39,110.0,0.748,1---1,Up
LOW,180719,180720,C,85.0,16.386,37,10919,-249,-0.408,94.59,5.41,20180822,bmo,20180724.0,101.39,119.0,0.748,1---1,Up
LULU,180719,181221,P,120.0,8.136,498,43,451,0.367,82.93,14.26,20180829,amc,,127.79,106.0,0.48,1---1,Down
LULU,180719,181221,P,125.0,10.205,501,31,470,0.48,16.97,80.84,20180829,amc,,127.79,102.0,0.48,1---1,Up
MAN,180719,180720,P,85.0,2.664,1736,578,1268,0.338,96.31,2.76,20180720,bmo,,86.1,101.0,0.579,1---1,Down
MAN,180719,180720,P,80.0,1.132,5305,270,5115,0.579,84.47,9.59,20180720,bmo,,86.1,108.0,0.579,1---1,Down
MDCO,180719,180720,C,38.0,1.9,2000,2063,-1950,-0.371,0.00,100.00,20180807,bmo,,40.08,105.0,0.457,1---1,Down
MDCO,180719,180817,C,41.0,2.31,2055,1510,1979,0.457,2.29,97.71,20180807,bmo,,40.08,98.0,0.457,1---1,Down
MDT,180719,180817,C,90.0,0.775,5668,26887,5212,0.404,51.98,47.57,20180821,bmo,,88.42,98.0,0.404,2---2,Up
MELI,180719,180720,C,350.0,20.396,266,399,-153,-0.312,70.68,29.32,20180808,amc,,374.61,107.0,0.495,2---2,Up
MELI,180719,180817,P,370.0,23.784,236,110,208,0.495,92.37,4.24,20180808,amc,,374.61,101.0,0.495,2---2,Down
MMM,180719,180817,C,180.0,22.836,150,19,150,0.343,88.67,11.33,20180724,bmo,,201.6,112.0,0.8,1---2,Up
MMM,180719,190118,P,175.0,3.795,1013,2674,1000,0.38,99.01,0.99,20180724,bmo,,201.6,115.0,0.8,1---2,Down
MMM,180719,190118,C,210.0,7.906,1028,1830,1012,0.8,97.47,2.53,20180724,bmo,,201.6,96.0,0.8,1---2,Up
MRK,180719,180720,C,57.5,5.021,30,3569,-1097,-0.551,66.67,0.00,20180727,bmo,,62.51,109.0,0.551,1---1,Up
MS,180719,181019,C,57.5,0.216,15877,1318,14788,0.32,3.11,92.22,20181015,bmo,,49.85,87.0,1.812,1---2,Down
MS,180719,180817,C,50.0,1.285,5755,15267,3307,0.425,48.50,38.38,20181015,bmo,,49.85,100.0,1.812,1---2,Up
MS,180719,181019,C,55.0,0.535,15508,10173,12698,0.679,4.61,90.15,20181015,bmo,,49.85,91.0,1.812,1---2,Down
MS,180719,181019,C,52.5,1.252,17010,6202,14475,1.812,72.08,19.22,20181015,bmo,,49.85,95.0,1.812,1---2,Up
MSFT,180719,180720,C,103.0,2.758,9101,12702,-3455,-0.953,35.06,54.50,20180719,amc,20180815.0,104.4,101.0,1.036,2---2,Down
MSFT,180719,180720,C,100.0,4.927,4084,29257,-1920,-0.946,70.18,25.47,20180719,amc,20180815.0,104.4,104.0,1.036,2---2,Up
MSFT,180719,200117,C,90.0,21.703,452,7066,-376,-0.816,1.55,98.45,20180719,amc,20180815.0,104.4,116.0,1.036,2---2,Down
MSFT,180719,180720,C,90.0,14.686,816,4870,-330,-0.485,27.70,70.34,20180719,amc,20180815.0,104.4,116.0,1.036,2---2,Down
MSFT,180719,190621,C,90.0,18.74,177,554,161,0.302,90.40,9.60,20180719,amc,20180815.0,104.4,116.0,1.036,2---2,Up
MSFT,180719,180727,C,104.0,2.525,2268,1335,1416,0.357,43.69,49.07,20180719,amc,20180815.0,104.4,100.0,1.036,2---2,Down
MSFT,180719,180921,P,105.0,3.991,1190,3449,901,0.36,72.02,26.72,20180719,amc,20180815.0,104.4,99.0,1.036,2---2,Down
MSFT,180719,180720,C,104.0,2.104,6116,6254,1770,0.372,41.84,41.32,20180719,amc,20180815.0,104.4,100.0,1.036,2---2,Up
MSFT,180719,181019,C,105.0,4.552,2383,6872,821,0.374,31.68,67.02,20180719,amc,20180815.0,104.4,99.0,1.036,2---2,Down
MSFT,180719,180727,P,105.0,2.46,2316,6200,1606,0.395,19.34,76.60,20180719,amc,20180815.0,104.4,99.0,1.036,2---2,Up
MSFT,180719,190621,P,92.5,4.118,1022,2788,1016,0.418,99.51,0.49,20180719,amc,20180815.0,104.4,113.0,1.036,2---2,Down
MSFT,180719,180727,C,107.0,1.248,5020,2706,3591,0.448,53.05,37.37,20180719,amc,20180815.0,104.4,98.0,1.036,2---2,Up
MSFT,180719,180817,C,105.0,2.653,9866,26935,2555,0.678,46.15,42.13,20180719,amc,20180815.0,104.4,99.0,1.036,2---2,Up
MSFT,180719,180817,C,110.0,0.936,14459,21677,8207,0.768,59.24,34.84,20180719,amc,20180815.0,104.4,95.0,1.036,2---2,Up
MSFT,180719,180921,C,105.0,3.619,3247,30236,2194,0.794,44.53,43.49,20180719,amc,20180815.0,104.4,99.0,1.036,2---2,Up
MSFT,180719,180817,P,105.0,3.228,3786,4637,2674,0.863,37.80,56.60,20180719,amc,20180815.0,104.4,99.0,1.036,2---2,Up
MSFT,180719,190118,C,110.0,4.418,3246,37073,2046,0.904,9.77,34.97,20180719,amc,20180815.0,104.4,95.0,1.036,2---2,Down
MSFT,180719,180720,P,104.0,1.626,9722,2945,5726,0.931,32.04,48.78,20180719,amc,20180815.0,104.4,100.0,1.036,2---2,Up
MSFT,180719,180720,C,106.0,1.185,24050,21446,8621,1.021,37.44,52.00,20180719,amc,20180815.0,104.4,98.0,1.036,2---2,Down
MSFT,180719,180727,C,105.0,2.049,9383,3844,5055,1.036,41.70,48.10,20180719,amc,20180815.0,104.4,99.0,1.036,2---2,Down
MSG,180719,180720,C,320.0,4.35,1250,1309,-1160,-0.505,0.00,100.00,20180815,bmo,,322.98,101.0,0.505,1---1,Down
MT,180719,180921,C,32.0,0.883,8374,10629,5280,0.466,81.71,18.06,,,,29.82,93.0,0.466,2---2,Up
MU,180719,180720,C,43.0,13.234,272,14084,-1270,-1.681,79.78,7.72,20180924,amc,,56.22,131.0,7.948,1---2,Up
MU,180719,180720,C,45.0,11.243,432,10440,-1125,-1.265,28.01,66.44,20180924,amc,,56.22,125.0,7.948,1---2,Down
MU,180719,180720,C,46.0,10.328,36,5727,-1182,-1.221,69.44,30.56,20180924,amc,,56.22,122.0,7.948,1---2,Up
MU,180719,180720,P,62.5,6.162,520,3817,-1618,-0.997,88.65,5.58,20180924,amc,,56.22,90.0,7.948,1---2,Down
MU,180719,180720,C,40.0,16.123,61,3209,-543,-0.875,36.07,60.66,20180924,amc,,56.22,141.0,7.948,1---2,Down
MU,180719,180720,C,42.0,14.049,137,4746,-543,-0.763,94.89,4.38,20180924,amc,,56.22,134.0,7.948,1---2,Up
MU,180719,181019,C,55.0,5.93,2088,22292,-1139,-0.675,85.34,10.44,20180924,amc,,56.22,102.0,7.948,1---2,Up
MU,180719,180720,C,50.0,6.175,1379,20880,-1005,-0.621,60.04,30.09,20180924,amc,,56.22,112.0,7.948,1---2,Up
MU,180719,190118,P,70.0,16.517,452,1845,-247,-0.408,96.68,3.10,20180924,amc,,56.22,80.0,7.948,1---2,Down
MU,180719,180720,P,60.0,3.829,242,63271,-860,-0.329,48.35,19.42,20180924,amc,,56.22,94.0,7.948,1---2,Down
MU,180719,181019,P,60.0,7.163,596,5555,-422,-0.302,86.41,8.89,20180924,amc,,56.22,94.0,7.948,1---2,Down
MU,180719,181019,C,60.0,3.756,1369,25658,827,0.311,50.11,37.03,20180924,amc,,56.22,94.0,7.948,1---2,Up
MU,180719,180921,P,60.0,5.988,733,1640,580,0.347,62.07,11.05,20180924,amc,,56.22,94.0,7.948,1---2,Down
MU,180719,180817,C,45.0,12.003,359,2336,291,0.349,45.40,49.30,20180924,amc,,56.22,125.0,7.948,1---2,Down
MU,180719,180921,C,60.0,2.62,3047,18084,1387,0.363,47.10,50.25,20180924,amc,,56.22,94.0,7.948,1---2,Down
MU,180719,180824,C,56.0,3.016,1306,413,1244,0.375,62.02,1.53,20180924,amc,,56.22,100.0,7.948,1---2,Up
MU,180719,190118,C,55.0,8.172,686,22926,463,0.378,26.68,72.30,20180924,amc,,56.22,102.0,7.948,1---2,Down
MU,180719,180817,C,60.0,1.279,7566,70737,3092,0.395,50.03,43.43,20180924,amc,,56.22,94.0,7.948,1---2,Up
MU,180719,180817,C,57.5,2.116,4709,36556,2041,0.432,22.87,29.69,20180924,amc,,56.22,98.0,7.948,1---2,Down
MU,180719,180921,C,45.0,12.108,426,1113,413,0.5,56.57,31.69,20180924,amc,,56.22,125.0,7.948,1---2,Up
MU,180719,190118,C,57.5,7.122,974,5574,863,0.615,6.06,74.33,20180924,amc,,56.22,98.0,7.948,1---2,Down
MU,180719,200117,P,42.0,4.154,2390,5020,2372,0.985,64.44,35.56,20180924,amc,,56.22,134.0,7.948,1---2,Down
MU,180719,180817,P,55.0,2.007,13455,23278,10486,2.104,86.58,5.28,20180924,amc,,56.22,102.0,7.948,1---2,Down
MU,180719,190118,C,60.0,5.983,4486,50104,4173,2.497,92.76,5.91,20180924,amc,,56.22,94.0,7.948,1---2,Up
MU,180719,180817,C,55.0,3.348,13716,21291,9776,3.273,88.91,10.08,20180924,amc,,56.22,102.0,7.948,1---2,Up
MU,180719,180921,P,55.0,3.154,21855,8501,20944,6.606,92.27,7.55,20180924,amc,,56.22,102.0,7.948,1---2,Down
MU,180719,180921,C,55.0,4.785,22671,10772,16611,7.948,5.90,92.96,20180924,amc,,56.22,102.0,7.948,1---2,Down
NFLX,180719,180720,P,400.0,31.516,878,6789,-2655,-8.368,56.72,33.71,20181015,amc,,364.23,91.0,8.368,2---2,Down
NFLX,180719,180720,P,405.0,37.949,574,1130,-375,-1.423,32.06,64.29,20181015,amc,,364.23,90.0,8.368,2---2,Up
NFLX,180719,180720,P,380.0,11.796,2754,5530,-1072,-1.264,52.69,44.92,20181015,amc,,364.23,96.0,8.368,2---2,Down
NFLX,180719,180720,P,395.0,26.588,779,1966,-468,-1.244,27.09,70.09,20181015,amc,,364.23,92.0,8.368,2---2,Up
NFLX,180719,180720,P,390.0,21.541,995,3877,-529,-1.14,50.35,44.42,20181015,amc,,364.23,93.0,8.368,2---2,Down
NFLX,180719,180720,P,425.0,50.873,8,356,-187,-0.951,25.00,75.00,20181015,amc,,364.23,86.0,8.368,2---2,Up
NFLX,180719,180720,P,370.0,4.073,16178,10389,-2201,-0.896,52.32,43.45,20181015,amc,,364.23,98.0,8.368,2---2,Down
NFLX,180719,180720,P,420.0,49.75,81,351,-180,-0.895,58.02,37.04,20181015,amc,,364.23,87.0,8.368,2---2,Down
NFLX,180719,180720,P,410.0,41.499,273,1158,-162,-0.672,55.68,31.87,20181015,amc,,364.23,89.0,8.368,2---2,Down
NFLX,180719,190118,C,330.0,64.223,125,2576,-103,-0.661,93.60,5.60,20181015,amc,,364.23,110.0,8.368,2---2,Up
NFLX,180719,180720,P,430.0,62.808,28,160,-93,-0.584,71.43,28.57,20181015,amc,,364.23,85.0,8.368,2---2,Down
NFLX,180719,180720,P,402.5,34.232,262,585,-166,-0.568,35.50,40.84,20181015,amc,,364.23,90.0,8.368,2---2,Up
NFLX,180719,190118,C,400.0,29.76,372,4655,-178,-0.53,40.86,56.99,20181015,amc,,364.23,91.0,8.368,2---2,Down
NFLX,180719,180720,P,427.5,53.35,5,129,-98,-0.523,100.00,0.00,20181015,amc,,364.23,85.0,8.368,2---2,Down
NFLX,180719,181221,C,400.0,26.753,313,1757,-190,-0.508,69.65,27.16,20181015,amc,,364.23,91.0,8.368,2---2,Up
NFLX,180719,180720,P,372.5,5.212,3753,2585,-925,-0.482,47.99,50.17,20181015,amc,,364.23,98.0,8.368,2---2,Up
NFLX,180719,180817,P,400.0,35.668,287,2898,-120,-0.428,30.66,68.29,20181015,amc,,364.23,91.0,8.368,2---2,Up
NFLX,180719,180720,P,435.0,67.98,39,76,-59,-0.401,28.21,71.79,20181015,amc,,364.23,84.0,8.368,2---2,Up
NFLX,180719,180720,C,350.0,17.669,607,16273,-225,-0.398,40.36,58.81,20181015,amc,,364.23,104.0,8.368,2---2,Down
NFLX,180719,180921,C,400.0,10.494,1209,7109,-374,-0.392,25.14,72.95,20181015,amc,,364.23,91.0,8.368,2---2,Down
NFLX,180719,180720,P,397.5,29.174,275,945,-129,-0.376,40.73,47.64,20181015,amc,,364.23,92.0,8.368,2---2,Up
NFLX,180719,180720,P,407.5,40.627,88,380,-87,-0.353,25.00,72.73,20181015,amc,,364.23,89.0,8.368,2---2,Up
NFLX,180719,180720,P,385.0,16.413,706,1875,-205,-0.336,64.73,33.29,20181015,amc,,364.23,95.0,8.368,2---2,Down
NFLX,180719,180720,P,375.0,7.328,4924,6498,-420,-0.308,54.75,39.07,20181015,amc,,364.23,97.0,8.368,2---2,Down
NFLX,180719,200117,P,350.0,53.976,70,447,56,0.302,62.86,10.00,20181015,amc,,364.23,104.0,8.368,2---2,Down
NFLX,180719,180921,P,325.0,5.931,766,494,513,0.304,63.45,31.46,20181015,amc,,364.23,112.0,8.368,2---2,Down
NFLX,180719,181019,P,340.0,16.548,217,184,187,0.309,85.25,14.75,20181015,amc,,364.23,107.0,8.368,2---2,Down
NFLX,180719,180921,P,370.0,21.263,331,3183,148,0.315,59.21,25.68,20181015,amc,,364.23,98.0,8.368,2---2,Down
NFLX,180719,190118,C,380.0,37.701,223,1507,86,0.324,67.26,30.04,20181015,amc,,364.23,96.0,8.368,2---2,Up
NFLX,180719,181019,C,430.0,9.497,354,29,350,0.332,0.85,99.15,20181015,amc,,364.23,85.0,8.368,2---2,Down
NFLX,180719,180817,C,340.0,30.58,320,623,109,0.333,70.31,29.69,20181015,amc,,364.23,107.0,8.368,2---2,Up
NFLX,180719,180727,C,375.0,5.571,2884,1019,623,0.347,38.66,52.43,20181015,amc,,364.23,97.0,8.368,2---2,Down
NFLX,180719,180720,C,360.0,8.192,3265,9163,431,0.353,41.47,55.22,20181015,amc,,364.23,101.0,8.368,2---2,Down
NFLX,180719,180921,P,350.0,12.53,432,3834,285,0.357,25.69,67.13,20181015,amc,,364.23,104.0,8.368,2---2,Up
NFLX,180719,180921,C,375.0,19.843,222,640,181,0.359,28.83,69.37,20181015,amc,,364.23,97.0,8.368,2---2,Down
NFLX,180719,181019,C,365.0,31.102,130,55,116,0.361,26.15,72.31,20181015,amc,,364.23,100.0,8.368,2---2,Down
NFLX,180719,181221,P,400.0,53.45,79,650,71,0.379,70.89,16.46,20181015,amc,,364.23,91.0,8.368,2---2,Down
NFLX,180719,180921,P,345.0,11.24,409,395,342,0.384,62.35,35.45,20181015,amc,,364.23,106.0,8.368,2---2,Down
NFLX,180719,180720,C,367.5,3.113,6491,1363,1243,0.387,43.06,50.33,20181015,amc,,364.23,99.0,8.368,2---2,Down
NFLX,180719,180720,C,370.0,2.735,15829,4777,1443,0.395,48.47,46.72,20181015,amc,,364.23,98.0,8.368,2---2,Up
NFLX,180719,190621,P,310.0,25.63,157,586,156,0.4,1.27,98.73,20181015,amc,,364.23,117.0,8.368,2---2,Up
NFLX,180719,180921,P,365.0,20.107,642,396,202,0.406,62.93,12.15,20181015,amc,,364.23,100.0,8.368,2---2,Down
NFLX,180719,180817,C,380.0,9.994,1612,17085,418,0.418,23.33,70.47,20181015,amc,,364.23,96.0,8.368,2---2,Down
NFLX,180719,180921,P,330.0,7.001,1101,2246,600,0.42,53.68,40.51,20181015,amc,,364.23,110.0,8.368,2---2,Down
NFLX,180719,180727,P,415.0,47.81,121,280,90,0.43,91.74,5.79,20181015,amc,,364.23,88.0,8.368,2---2,Down
NFLX,180719,180817,P,360.0,10.686,1340,2231,429,0.458,27.54,45.60,20181015,amc,,364.23,101.0,8.368,2---2,Up
NFLX,180719,190118,P,320.0,17.985,344,1542,257,0.462,73.26,26.74,20181015,amc,,364.23,114.0,8.368,2---2,Down
NFLX,180719,190118,C,370.0,41.608,278,2794,113,0.47,34.53,45.68,20181015,amc,,364.23,98.0,8.368,2---2,Down
NFLX,180719,190621,C,380.0,56.631,92,220,84,0.476,2.17,97.83,20181015,amc,,364.23,96.0,8.368,2---2,Down
NFLX,180719,180817,P,370.0,14.554,1331,19749,327,0.476,64.31,26.67,20181015,amc,,364.23,98.0,8.368,2---2,Down
NFLX,180719,180720,C,375.0,1.685,18601,3938,3197,0.539,48.90,45.95,20181015,amc,,364.23,97.0,8.368,2---2,Up
NFLX,180719,180720,C,362.5,5.947,1685,570,944,0.561,31.87,60.59,20181015,amc,,364.23,100.0,8.368,2---2,Down
NFLX,180719,181019,C,250.0,125.057,58,10,49,0.613,96.55,3.45,20181015,amc,,364.23,146.0,8.368,2---2,Up
NFLX,180719,180817,C,365.0,15.496,1821,1545,431,0.668,51.67,43.27,20181015,amc,,364.23,100.0,8.368,2---2,Up
NFLX,180719,180817,C,375.0,11.721,1513,6192,600,0.703,58.63,34.96,20181015,amc,,364.23,97.0,8.368,2---2,Up
NFLX,180719,180727,C,370.0,6.704,2819,1059,1054,0.707,46.79,38.24,20181015,amc,,364.23,98.0,8.368,2---2,Up
NFLX,180719,180817,P,365.0,12.662,1235,2114,574,0.727,47.69,44.86,20181015,amc,,364.23,100.0,8.368,2---2,Down
NFLX,180719,180720,C,365.0,4.09,8066,3741,2033,0.831,50.01,42.65,20181015,amc,,364.23,100.0,8.368,2---2,Up
NFLX,180719,180817,P,380.0,20.512,213,17228,406,0.833,57.75,39.91,20181015,amc,,364.23,96.0,8.368,2---2,Down
NFLX,180719,181116,P,340.0,18.436,527,20,454,0.837,0.76,97.34,20181015,amc,,364.23,107.0,8.368,2---2,Up
NFLX,180719,180817,C,370.0,14.351,1929,21949,609,0.874,36.29,59.88,20181015,amc,,364.23,98.0,8.368,2---2,Down
NFLX,180719,180817,P,510.0,139.878,81,89,66,0.923,0.00,13.58,20181015,amc,,364.23,71.0,8.368,2---2,Up
NFLX,180719,181019,C,450.0,7.007,1625,76,1451,1.017,83.26,13.78,20181015,amc,,364.23,81.0,8.368,2---2,Up
NFLX,180719,180921,C,370.0,22.272,1020,1873,465,1.036,63.63,33.04,20181015,amc,,364.23,98.0,8.368,2---2,Up
NFLX,180719,190118,C,390.0,33.768,460,1548,322,1.087,81.74,16.74,20181015,amc,,364.23,93.0,8.368,2---2,Up
NFLX,180719,180727,C,250.0,118.626,97,23,92,1.091,36.08,47.42,20181015,amc,,364.23,146.0,8.368,2---2,Down
NFLX,180719,190621,C,390.0,53.638,226,1064,207,1.11,97.35,2.65,20181015,amc,,364.23,93.0,8.368,2---2,Up
NFLX,180719,181019,C,375.0,27.882,606,155,527,1.469,85.97,13.20,20181015,amc,,364.23,97.0,8.368,2---2,Up
NFLX,180719,180817,P,570.0,199.141,137,145,77,1.533,41.61,58.39,20181015,amc,,364.23,64.0,8.368,2---2,Up
NKE,180719,180720,C,62.5,14.283,6,1321,-504,-0.72,50.00,33.33,20180924,amc,,76.95,123.0,0.72,1---1,Up
NKE,180719,180720,C,70.0,7.16,1372,7381,-488,-0.349,96.43,3.21,20180924,amc,,76.95,110.0,0.72,1---1,Up
NKE,180719,180720,C,65.0,11.814,23,2795,-279,-0.33,8.70,91.30,20180924,amc,,76.95,118.0,0.72,1---1,Down
NVDA,180719,180921,C,240.0,22.318,301,4574,-192,-0.428,11.96,88.04,20180816,amc,,252.03,105.0,1.585,2---2,Down
NVDA,180719,180824,P,250.0,11.128,405,27,400,0.445,99.75,0.25,20180816,amc,,252.03,101.0,1.585,2---2,Down
NVDA,180719,180921,P,230.0,6.541,1734,4983,714,0.467,37.37,50.00,20180816,amc,,252.03,110.0,1.585,2---2,Up
NVDA,180719,180817,C,255.0,9.82,1005,3861,477,0.468,45.07,47.86,20180816,amc,,252.03,99.0,1.585,2---2,Down
NVDA,180719,180831,P,230.0,4.835,1328,2563,1179,0.57,98.27,1.73,20180816,amc,,252.03,110.0,1.585,2---2,Down
NVDA,180719,180921,P,225.0,5.333,1725,2796,1237,0.66,64.58,24.58,20180816,amc,,252.03,112.0,1.585,2---2,Down
NVDA,180719,180817,C,250.0,12.256,2040,10590,667,0.817,24.90,71.18,20180816,amc,,252.03,101.0,1.585,2---2,Down
NVDA,180719,190118,P,200.0,6.51,1859,16382,1397,0.909,98.66,1.02,20180816,amc,,252.03,126.0,1.585,2---2,Down
NVDA,180719,180817,P,250.0,10.072,1846,7355,1574,1.585,68.20,26.54,20180816,amc,,252.03,101.0,1.585,2---2,Down
NVS,180719,180720,C,80.0,1.069,10057,15493,-8718,-0.932,97.12,2.79,,,,80.8,101.0,0.932,1---1,Up
NVS,180719,180720,C,75.0,6.067,4,5621,-1020,-0.619,50.00,50.00,,,,80.8,108.0,0.932,1---1,Unknow
NVS,180719,181019,C,85.0,1.185,4761,830,4383,0.519,98.84,1.11,,,,80.8,95.0,0.932,1---1,Up
NXPI,180719,180720,P,102.0,1.48,2630,724,2059,0.305,14.14,85.44,20180731,amc,,103.54,102.0,3.777,1---2,Up
NXPI,180719,180727,P,100.0,5.853,682,2437,587,0.344,97.07,2.64,20180731,amc,,103.54,104.0,3.777,1---2,Down
NXPI,180719,180720,C,110.0,0.823,9210,27756,4369,0.359,59.64,37.83,20180731,amc,,103.54,94.0,3.777,1---2,Up
NXPI,180719,190118,P,105.0,11.163,508,40916,428,0.478,83.66,14.37,20180731,amc,,103.54,99.0,3.777,1---2,Down
NXPI,180719,180817,C,115.0,3.825,2557,41671,1352,0.517,70.04,21.74,20180731,amc,,103.54,90.0,3.777,1---2,Up
NXPI,180719,180727,C,120.0,1.999,5018,4643,2851,0.57,51.81,46.79,20180731,amc,,103.54,86.0,3.777,1---2,Up
NXPI,180719,180817,P,100.0,6.544,8710,38782,1436,0.94,26.65,69.29,20180731,amc,,103.54,104.0,3.777,1---2,Up
NXPI,180719,180817,P,105.0,9.257,4346,36102,2534,2.346,63.12,36.84,20180731,amc,,103.54,99.0,3.777,1---2,Down
NXPI,180719,180817,C,120.0,2.464,41025,31643,13141,3.237,87.35,12.53,20180731,amc,,103.54,86.0,3.777,1---2,Up
NXPI,180719,180817,P,95.0,4.065,11108,40786,9290,3.777,17.79,81.91,20180731,amc,,103.54,109.0,3.777,1---2,Up
OCN,180719,181019,C,3.5,1.054,100,7345,-3300,-0.348,14.00,0.00,20180726,bmo,,4.39,125.0,0.348,2---2,Up
OIH,180719,180720,P,27.0,1.312,5004,12817,-6586,-0.864,99.96,0.02,,,,25.63,95.0,0.864,1---2,Down
OIH,180719,180817,P,27.0,1.589,5022,1358,5016,0.797,99.56,0.40,,,,25.63,95.0,0.864,1---2,Down
OMC,180719,180817,C,72.5,0.817,9218,748,8928,0.73,97.72,2.20,20181015,bmo,,69.61,96.0,0.73,1---1,Up
PAGS,180719,180817,C,25.0,2.289,1754,20797,1699,0.389,97.55,2.45,20180831,bmo,,25.5,102.0,0.389,1---1,Up
PBR,180719,180817,P,12.0,1.457,5015,12676,3342,0.487,99.88,0.06,,,,10.77,90.0,0.9,1---2,Down
PBR,180719,181116,C,13.0,0.762,12037,5899,11804,0.9,99.78,0.11,,,,10.77,83.0,0.9,1---2,Up
PDCE,180719,180817,C,60.0,3.318,7095,31,2358,0.782,0.00,100.00,20180808,amc,,60.77,101.0,0.782,1---1,Down
PEP,180719,180921,C,120.0,1.239,10447,1688,9663,1.198,1.25,98.04,20181002,bmo,20180906.0,115.77,96.0,1.198,1---1,Down
PH,180719,181116,C,170.0,6.756,1507,124,1423,0.961,27.14,15.53,20180802,bmo,,165.08,97.0,0.961,1---1,Up
PII,180719,180817,P,120.0,3.79,1257,107,1251,0.474,99.76,0.24,20180725,bmo,,122.93,102.0,0.474,1---1,Down
PLCE,180719,180817,C,120.0,10.299,5024,2544,-2096,-2.159,50.02,49.98,20180807,bmo,,128.05,107.0,2.159,1---2,Up
PLCE,180719,180817,C,130.0,5.239,6542,27,3418,1.791,99.43,0.54,20180807,bmo,,128.05,99.0,2.159,1---2,Up
PLNT,180719,180817,C,50.0,2.234,1778,6292,1377,0.308,25.53,74.24,,,,48.76,98.0,1.636,2---2,Down
PLNT,180719,180817,C,55.0,0.788,6061,5442,4839,0.381,0.81,16.70,,,,48.76,89.0,1.636,2---2,Down
PLNT,180719,180817,P,45.0,1.162,10078,10357,10084,1.172,0.16,99.84,,,,48.76,108.0,1.636,2---2,Up
PLNT,180719,180817,P,50.0,3.352,6121,5605,4880,1.636,17.06,0.25,,,,48.76,98.0,1.636,2---2,Down
PM,180719,180817,C,85.0,0.299,11340,3274,10794,0.323,7.18,91.17,20180719,bmo,,80.9,95.0,0.323,2---2,Down
PSX,180719,190118,C,110.0,7.2,1007,735,1007,0.725,0.70,99.30,20180727,bmo,20180820.0,110.9,101.0,0.725,1---1,Down
PYPL,180719,190118,C,95.0,4.15,1007,6183,840,0.349,0.00,100.00,20180725,amc,,87.38,92.0,0.349,1---1,Down
PZZA,180719,180817,P,55.0,3.945,1008,2156,-766,-0.302,0.20,99.80,20180730,amc,,51.0,93.0,2.054,1---2,Up
PZZA,180719,181019,C,55.0,2.74,7546,289,7498,2.054,99.56,0.44,20180730,amc,,51.0,93.0,2.054,1---2,Up
QCOM,180719,180720,C,57.5,1.964,10525,24269,-5102,-1.002,92.42,6.07,20180725,amc,20180904.0,59.31,103.0,1.002,2---2,Up
QCOM,180719,180727,C,60.0,1.33,3819,8925,2750,0.366,71.22,18.59,20180725,amc,20180904.0,59.31,99.0,1.002,2---2,Up
ROKU,180719,180817,C,50.0,4.119,694,12781,-8869,-3.653,28.53,57.64,20180808,amc,,49.79,100.0,3.653,1---2,Down
ROKU,180719,180817,P,50.0,4.029,177,9397,-8458,-3.408,68.93,17.51,20180808,amc,,49.79,100.0,3.653,1---2,Down
ROKU,180719,180720,C,40.0,10.036,64,4146,-364,-0.365,15.63,84.38,20180808,amc,,49.79,124.0,3.653,1---2,Down
ROKU,180719,180720,C,36.0,13.941,68,1149,-236,-0.329,69.12,29.41,20180808,amc,,49.79,138.0,3.653,1---2,Up
ROKU,180719,190118,C,50.0,8.506,368,1144,367,0.312,93.21,6.79,20180808,amc,,49.79,100.0,3.653,1---2,Up
SBGI,180719,181221,P,26.0,2.728,8782,10887,-1774,-0.484,99.37,0.63,20180808,bmo,,26.3,101.0,0.484,2---2,Down
SEDG,180719,180817,C,55.0,3.477,1028,1622,1007,0.35,1.46,97.57,,,,54.3,99.0,0.441,1---1,Down
SEDG,180719,180817,P,55.0,4.537,1023,255,973,0.441,1.66,98.34,,,,54.3,99.0,0.441,1---1,Up
SGEN,180719,181221,C,70.0,6.876,524,289,516,0.355,99.81,0.19,20180726,amc,,70.52,101.0,0.355,1---1,Up
SHOP,180719,181019,C,185.0,9.698,359,235,358,0.347,2.23,97.77,,,,171.75,93.0,0.347,2---2,Down
SIX,180719,180817,P,65.0,0.625,5010,61,4985,0.312,0.00,100.00,20180725,bmo,,71.01,109.0,0.794,1---1,Up
SIX,180719,180817,C,75.0,0.838,5017,33,5006,0.419,0.34,0.00,20180725,bmo,,71.01,95.0,0.794,1---1,Up
SIX,180719,180817,C,72.5,1.64,5007,211,4840,0.794,0.00,0.14,20180725,bmo,,71.01,98.0,0.794,1---1,Down
SKT,180719,180817,P,25.0,1.828,2008,199,1840,0.336,100.00,0.00,20180731,amc,20180730.0,23.73,95.0,0.336,1---1,Down
SKX,180719,180720,C,32.0,2.616,4324,5287,-2050,-0.536,17.67,79.09,20180719,amc,,33.25,104.0,0.857,1---2,Down
SKX,180719,180720,C,33.5,2.185,2561,250,2276,0.497,27.84,70.32,20180719,amc,,33.25,99.0,0.857,1---2,Down
SKX,180719,181019,C,33.0,3.769,1618,224,1452,0.547,12.48,15.57,20180719,amc,,33.25,101.0,0.857,1---2,Down
SKX,180719,180720,C,35.5,1.429,5868,2351,5563,0.795,62.08,30.93,20180719,amc,,33.25,94.0,0.857,1---2,Up
SKX,180719,180817,C,34.0,2.26,4850,954,3794,0.857,94.35,4.14,20180719,amc,,33.25,98.0,0.857,1---2,Up
SLB,180719,180817,P,70.0,3.649,867,1984,825,0.301,1.27,6.34,20180720,bmo,,66.92,96.0,0.361,1---1,Up
SLB,180719,180817,C,70.0,0.77,7426,10525,4689,0.361,43.82,31.62,20180720,bmo,,66.92,96.0,0.361,1---1,Up
SMH,180719,180720,P,110.0,3.336,80,6103,-2643,-0.882,42.50,57.50,,,,106.77,97.0,0.882,2---2,Up
SNAP,180719,180817,P,15.0,2.151,8102,9523,-7033,-1.513,1.76,97.78,20180807,amc,,13.43,90.0,1.513,1---2,Up
SNE,180719,180817,C,55.0,1.047,3544,834,3349,0.351,93.99,5.73,,,,52.63,96.0,0.351,1---1,Up
SPB,180719,180720,P,85.0,7.375,400,851,-432,-0.319,0.00,100.00,20180726,bmo,,77.4,91.0,0.319,2---2,Up
SPG,180719,180720,C,165.0,7.97,1315,6037,-1158,-0.923,99.85,0.08,20180730,bmo,,173.96,105.0,0.923,1---1,Up
SPG,180719,180817,C,175.0,2.872,1212,450,1199,0.344,1.57,97.52,20180730,bmo,,173.96,99.0,0.923,1---1,Down
SQ,180719,180720,C,60.0,10.504,1326,9466,-920,-0.966,21.87,66.29,20180731,amc,,70.32,117.0,1.7,1---2,Down
SQ,180719,190118,C,60.0,15.257,587,6665,-209,-0.319,86.54,8.69,20180731,amc,,70.32,117.0,1.7,1---2,Up
SQ,180719,180727,P,70.0,1.413,6178,67,2758,0.39,48.51,50.55,20180731,amc,,70.32,100.0,1.7,1---2,Up
SQ,180719,200117,C,40.0,34.683,118,1277,118,0.409,86.44,13.56,20180731,amc,,70.32,176.0,1.7,1---2,Up
SQ,180719,180817,P,70.0,3.595,5685,12734,4728,1.7,80.26,10.26,20180731,amc,,70.32,100.0,1.7,1---2,Down
SVU,180719,180817,C,21.0,1.9,2976,980,2913,0.553,0.10,99.90,20180726,amc,,21.43,102.0,0.553,1---1,Down
SWK,180719,180727,C,137.0,4.316,1270,1284,-1195,-0.516,1.10,98.74,20180720,bmo,,139.65,102.0,0.772,1---1,Down
SWK,180719,180727,C,139.0,3.641,1800,5,1254,0.457,84.56,9.17,20180720,bmo,,139.65,100.0,0.772,1---1,Up
SWK,180719,180720,P,137.0,2.191,4418,276,3524,0.772,99.34,0.54,20180720,bmo,,139.65,102.0,0.772,1---1,Down
SWKS,180719,181116,C,85.0,19.445,298,47,291,0.566,8.39,75.17,20180719,amc,,102.48,121.0,0.566,1---1,Down
T,180719,190118,C,30.0,2.476,2188,11509,1981,0.49,46.94,40.04,20180724,amc,,31.27,104.0,1.732,1---2,Up
T,180719,180817,C,32.0,0.52,12809,17767,11951,0.621,71.00,25.62,20180724,amc,,31.27,98.0,1.732,1---2,Up
T,180719,190621,C,35.0,0.932,10790,14891,10577,0.985,1.60,5.30,20180724,amc,,31.27,89.0,1.732,1---2,Down
T,180719,190621,P,30.0,1.906,10917,12792,9086,1.732,99.17,0.51,20180724,amc,,31.27,104.0,1.732,1---2,Down
TDOC,180719,180720,C,55.0,15.354,126,521,-211,-0.324,80.16,19.84,20180801,amc,,70.4,128.0,0.324,1---1,Up
TER,180719,180817,C,35.0,5.496,1790,3,1747,0.96,59.05,40.95,20180724,amc,,40.03,114.0,0.96,1---1,Up
TEVA,180719,190118,P,22.5,2.176,3170,27796,3091,0.673,5.36,94.64,,,,23.06,102.0,0.673,1---1,Up
THO,180719,180817,C,105.0,3.194,2583,679,2482,0.793,97.87,1.78,20180925,amc,,103.27,98.0,0.793,1---1,Up
TLRD,180719,180720,P,30.0,6.83,1020,1989,-697,-0.476,2.65,97.35,,,20180917.0,23.33,78.0,0.476,1---1,Up
TMUS,180719,180817,C,57.5,3.153,172,6826,-1742,-0.549,4.07,95.93,20180720,amc,,59.41,103.0,0.549,1---2,Down
TNDM,180719,180720,C,22.5,4.088,34,851,-741,-0.303,52.94,47.06,20180730,amc,,26.61,118.0,0.303,2---2,Up
TPX,180719,180921,C,52.5,4.77,1626,3235,-1525,-0.727,0.06,99.94,20180726,bmo,,54.24,103.0,0.997,2---2,Down
TPX,180719,180817,P,47.5,1.155,3512,4569,-2911,-0.336,0.00,0.34,20180726,bmo,,54.24,114.0,0.997,2---2,Up
TPX,180719,180817,P,50.0,2.007,3552,4235,3446,0.691,98.59,1.30,20180726,bmo,,54.24,108.0,0.997,2---2,Down
TPX,180719,181221,C,55.0,5.698,1750,2076,1750,0.997,100.00,0.00,20180726,bmo,,54.24,99.0,0.997,2---2,Up
TRN,180719,181019,P,34.0,1.2,3309,91,3309,0.397,0.15,0.00,20180725,amc,,35.85,105.0,0.397,1---1,Down
TSCO,180719,180817,P,80.0,3.723,2047,4223,1830,0.681,69.71,18.47,20180726,bmo,,79.42,99.0,0.681,1---1,Down
TSLA,180719,180720,P,360.0,41.385,72,2393,-473,-1.958,37.50,62.50,20180801,amc,,320.23,89.0,2.422,2---2,Up
TSLA,180719,180720,P,365.0,44.808,27,542,-305,-1.367,29.63,70.37,20180801,amc,,320.23,88.0,2.422,2---2,Up
TSLA,180719,180720,P,370.0,50.751,23,538,-204,-1.035,8.70,82.61,20180801,amc,,320.23,87.0,2.422,2---2,Up
TSLA,180719,180720,P,355.0,37.394,22,826,-163,-0.61,40.91,31.82,20180801,amc,,320.23,90.0,2.422,2---2,Down
TSLA,180719,180720,P,380.0,63.465,10,267,-88,-0.558,20.00,0.00,20180801,amc,,320.23,84.0,2.422,2---2,Down
TSLA,180719,180817,C,350.0,8.042,547,5345,-622,-0.5,23.58,72.39,20180801,amc,,320.23,91.0,2.422,2---2,Down
TSLA,180719,180720,C,260.0,62.753,151,313,-69,-0.433,100.00,0.00,20180801,amc,,320.23,123.0,2.422,2---2,Up
TSLA,180719,180720,C,280.0,38.348,36,838,-110,-0.422,16.67,75.00,20180801,amc,,320.23,114.0,2.422,2---2,Down
TSLA,180719,180720,C,285.0,32.5,238,962,-129,-0.419,3.36,96.64,20180801,amc,,320.23,112.0,2.422,2---2,Down
TSLA,180719,180720,P,347.5,27.82,15,466,-140,-0.389,80.00,20.00,20180801,amc,,320.23,92.0,2.422,2---2,Down
TSLA,180719,180727,C,317.5,9.17,769,170,347,0.318,27.70,70.22,20180801,amc,,320.23,101.0,2.422,2---2,Down
TSLA,180719,180727,P,300.0,2.781,2583,2245,1163,0.323,62.41,35.27,20180801,amc,,320.23,107.0,2.422,2---2,Down
TSLA,180719,180727,P,315.0,7.728,1436,532,569,0.44,38.79,57.94,20180801,amc,,320.23,102.0,2.422,2---2,Up
TSLA,180719,180817,C,315.0,21.47,418,1360,210,0.451,73.44,20.57,20180801,amc,,320.23,102.0,2.422,2---2,Up
TSLA,180719,180817,P,315.0,18.026,553,2181,265,0.478,76.85,21.70,20180801,amc,,320.23,102.0,2.422,2---2,Down
TSLA,180719,190118,C,380.0,20.792,238,4163,233,0.484,43.70,56.30,20180801,amc,,320.23,84.0,2.422,2---2,Down
TSLA,180719,190118,C,370.0,23.311,230,2835,230,0.536,43.48,16.52,20180801,amc,,320.23,87.0,2.422,2---2,Up
TSLA,180719,190315,C,380.0,26.819,210,1060,210,0.563,3.33,95.24,20180801,amc,,320.23,84.0,2.422,2---2,Down
TSLA,180719,180817,C,285.0,40.019,168,242,144,0.576,93.45,6.55,20180801,amc,,320.23,112.0,2.422,2---2,Up
TSLA,180719,190315,C,370.0,29.772,210,1417,210,0.625,0.00,100.00,20180801,amc,,320.23,87.0,2.422,2---2,Down
TSLA,180719,180817,C,260.0,62.763,154,276,135,0.847,100.00,0.00,20180801,amc,,320.23,123.0,2.422,2---2,Up
TSLA,180719,181019,C,320.0,30.326,353,563,331,1.004,3.68,96.32,20180801,amc,,320.23,100.0,2.422,2---2,Down
TSLA,180719,190621,P,250.0,33.65,501,993,301,1.013,99.80,0.20,20180801,amc,,320.23,128.0,2.422,2---2,Down
TSLA,180719,180817,C,320.0,19.017,1143,1928,644,1.225,31.41,58.88,20180801,amc,,320.23,100.0,2.422,2---2,Down
TSLA,180719,190621,C,400.0,32.25,500,760,488,1.574,100.00,0.00,20180801,amc,,320.23,80.0,2.422,2---2,Up
TSLA,180719,200117,P,270.0,54.793,312,3159,302,1.655,3.21,96.79,20180801,amc,,320.23,119.0,2.422,2---2,Up
TSLA,180719,200117,P,300.0,69.0,353,4304,351,2.422,0.28,99.72,20180801,amc,,320.23,107.0,2.422,2---2,Up
TTWO,180719,190118,C,130.0,12.319,1038,2787,909,1.12,91.33,8.38,20180802,amc,,127.41,98.0,1.12,2---2,Up
TWLO,180719,180803,P,62.0,1.746,3435,11,3000,0.524,99.85,0.12,20180806,amc,,62.88,101.0,0.524,1---1,Down
TWTR,180719,180720,C,36.0,7.53,102,19291,-1119,-0.843,53.92,11.76,20180727,bmo,,43.44,121.0,0.843,2---2,Up
TWTR,180719,180720,C,35.0,8.618,1081,8196,-869,-0.749,96.95,1.20,20180727,bmo,,43.44,124.0,0.843,2---2,Up
TWTR,180719,180720,C,37.0,6.512,1081,2580,-1020,-0.664,4.63,92.60,20180727,bmo,,43.44,117.0,0.843,2---2,Down
TWTR,180719,180720,C,33.0,10.544,13,1761,-452,-0.477,30.77,69.23,20180727,bmo,,43.44,132.0,0.843,2---2,Down
UAA,180719,200117,C,20.0,5.487,3436,1820,3436,1.885,100.00,0.00,20180726,bmo,,22.1,110.0,1.885,1---2,Up
UAL,180719,180720,C,70.0,10.43,42,2055,-309,-0.322,4.76,78.57,20181016,amc,,80.59,115.0,14.933,1---2,Down
UAL,180719,190118,C,70.0,13.601,279,8082,-236,-0.321,96.42,2.87,20181016,amc,,80.59,115.0,14.933,1---2,Up
UAL,180719,190118,C,95.0,1.74,2148,1118,1961,0.341,20.02,72.07,20181016,amc,,80.59,85.0,14.933,1---2,Down
UAL,180719,190118,C,82.5,5.472,1384,2013,854,0.467,13.01,86.99,20181016,amc,,80.59,98.0,14.933,1---2,Down
UAL,180719,190118,P,80.0,5.58,1654,810,1098,0.613,43.23,9.43,20181016,amc,,80.59,101.0,14.933,1---2,Down
UAL,180719,190118,C,80.0,6.817,23599,3485,21904,14.933,1.98,93.76,20181016,amc,,80.59,101.0,14.933,1---2,Down
UNH,180719,190621,C,260.0,17.75,291,187,227,0.403,75.60,24.40,20181015,bmo,,252.93,97.0,0.76,2---2,Up
UNH,180719,200117,C,260.0,26.659,285,2297,285,0.76,0.00,82.46,20181015,bmo,,252.93,97.0,0.76,2---2,Down
UNP,180719,190118,P,140.0,8.169,539,681,536,0.438,7.24,92.76,20180719,bmo,,140.41,100.0,0.438,1---2,Up
UPS,180719,180727,C,110.0,3.172,5839,5937,-3910,-1.24,76.19,23.33,20180725,bmo,,112.84,103.0,1.24,1---2,Up
UPS,180719,180727,C,113.0,1.646,6381,896,3363,0.553,87.26,8.81,20180725,bmo,,112.84,100.0,1.24,1---2,Up
V,180719,190118,C,150.0,4.418,919,2547,899,0.397,94.89,3.70,20180725,amc,,140.13,93.0,1.132,2---2,Up
V,180719,180817,C,150.0,0.517,20752,1153,11803,0.61,34.23,64.35,20180725,amc,,140.13,93.0,1.132,2---2,Down
V,180719,191220,C,150.0,12.191,587,619,581,0.708,38.50,61.50,20180725,amc,,140.13,93.0,1.132,2---2,Down
V,180719,180921,C,145.0,2.776,5823,12036,4076,1.132,18.86,76.47,20180725,amc,,140.13,97.0,1.132,2---2,Down
VMW,180719,180720,C,125.0,26.865,3,4153,-344,-0.924,33.33,66.67,20180822,amc,,152.0,122.0,0.924,1---1,Down
VMW,180719,180720,C,130.0,22.337,13,1590,-269,-0.601,7.69,92.31,20180822,amc,,152.0,117.0,0.924,1---1,Down
VNOM,180719,180720,C,30.0,1.6,47,8064,-2368,-0.379,4.26,95.74,20180730,amc,,31.75,106.0,0.379,1---1,Down
VRTX,180719,180720,C,165.0,14.462,622,1170,-264,-0.382,69.13,17.04,20180725,amc,,180.12,109.0,0.382,1---1,Up
W,180719,180817,P,115.0,5.242,2130,2871,-663,-0.348,12.02,87.93,20180802,bmo,,125.61,109.0,1.96,1---2,Up
W,180719,180817,P,125.0,9.183,2136,3085,2134,1.96,99.91,0.09,20180802,bmo,,125.61,100.0,1.96,1---2,Down
WB,180719,180720,P,95.0,7.536,37,939,-534,-0.402,67.57,5.41,20180807,bmo,,87.07,92.0,0.511,2---2,Down
WB,180719,181019,P,75.0,2.349,2257,324,2177,0.511,11.08,88.92,20180807,bmo,,87.07,116.0,0.511,2---2,Up
WFC,180719,180720,C,52.5,3.975,231,12681,-1232,-0.49,86.58,9.96,20181012,bmo,,56.33,107.0,0.49,2---2,Up
WIX,180719,180817,P,110.0,8.5,1525,2020,1430,1.216,61.97,38.03,20180725,bmo,,104.65,95.0,1.216,1---1,Down
WTW,180719,180810,C,92.0,6.25,501,16,501,0.313,0.00,0.20,20180801,amc,,91.79,100.0,0.594,1---1,Down
WTW,180719,180803,C,91.0,3.579,2043,41,1660,0.594,22.32,55.16,20180801,amc,,91.79,101.0,0.594,1---1,Down
WUBA,180719,181019,P,70.0,9.325,361,1450,355,0.331,0.55,99.45,20180820,bmo,,62.48,89.0,0.331,1---1,Up
X,180719,180817,P,37.0,2.037,3213,2744,2093,0.426,1.59,36.13,20180801,amc,,36.93,100.0,0.426,1---2,Up
XLB,180719,180921,C,60.0,0.761,5224,5495,5196,0.395,95.71,2.30,,,,58.53,98.0,0.395,1---1,Up
XLE,180719,180817,C,75.0,1.647,7326,1955,5093,0.839,71.64,0.81,,,,75.15,100.0,0.839,1---2,Up
XLI,180719,180921,P,72.0,1.035,10012,25833,9353,0.968,99.88,0.12,,,,74.52,103.0,0.968,1---1,Down
XLY,180719,180921,P,112.0,2.144,9254,686,7115,1.525,47.09,39.05,,,,112.65,101.0,1.525,1---1,Down
XME,180719,180921,C,36.0,1.39,2513,1186,2471,0.343,99.48,0.40,,,,35.9,100.0,0.52,1---1,Up
XME,180719,180817,P,35.0,0.531,10000,223,9800,0.52,100.00,0.00,,,,35.9,103.0,0.52,1---1,Down
XOM,180719,180720,C,75.0,7.153,26,2337,-457,-0.327,3.85,96.15,20180727,bmo,,82.01,109.0,1.686,1---2,Down
XOM,180719,180817,P,85.0,4.151,5312,3347,4061,1.686,19.28,79.37,20180727,bmo,,82.01,96.0,1.686,1---2,Up
ZGNX,180719,180720,C,40.0,19.087,14,1636,-250,-0.477,35.71,64.29,,,,58.95,147.0,0.477,1---1,Down
