Stock,EventD,EventT,OptionEX,C/P,Strike,Size,OPrice,Direction,Condition,Seq,LegSeq,MillionD,StockV,MarketCapB,ER_Date,ER_A/B,Height,MaxMillionD,MaxStrike,MinHeight,MaxHeight,MaxSize,Index,OIa,OIChange
AABA,180719,112626,180817,C,100.0,1000,0.010,Sell100% ,BuyWrite            ,72339946,72339946,0.00,73.36,59.4,20180815,amc,136.0,2.65,100.0,136.0,136.0,1000,AABA_180719_112626_A,158421,7931.0
AABA,180719,112626,180817,P,100.0,1000,26.500,Sell45%  ,BuyWrite            ,72339946,72339946,2.65,73.36,59.4,20180815,amc,136.0,2.65,100.0,136.0,136.0,1000,AABA_180719_112626_B,158578,7996.0
AABA,180719,131743,180817,P,100.0,2000,26.760,Buy6%    ,BuyWrite            ,117637157,117637157,5.35,73.36,59.4,20180815,amc,136.0,5.35,100.0,136.0,136.0,2000,AABA_180719_131743_A,158578,7996.0
AABA,180719,131743,180817,C,100.0,2000,0.030,Un0%     ,BuyWrite            ,117637157,117637157,0.01,73.36,59.4,20180815,amc,136.0,5.35,100.0,136.0,136.0,2000,AABA_180719_131743_B,158421,7931.0
AAL,180719,105419,180817,C,38.0,1000,1.540,Sell100% ,Spread              ,57769274,57769275,0.15,38.13,18.0,20180726,bmo,100.0,0.15,42.0,100.0,110.0,1000,AAL_180719_105419_B,2872,1430.0
AAL,180719,105419,180817,C,42.0,1000,0.390,Sell100% ,Spread              ,57769275,57769274,0.04,38.13,18.0,20180726,bmo,110.0,0.15,42.0,100.0,110.0,1000,AAL_180719_105419_A,4716,1001.0
AAP,180719,122726,180817,C,160.0,124,0.850,Sell33%  ,Spread              ,97454371,97454371,0.01,143.37,10.6,20180813,bmo,112.0,0.1,160.0,112.0,112.0,1126,AAP_180719_122726_A,4,0.0
AAP,180719,122726,180817,C,160.0,1126,0.850,Sell33%  ,Spread              ,97454371,97454371,0.10,143.37,10.6,20180813,bmo,112.0,0.1,160.0,112.0,112.0,1126,AAP_180719_122726_B,4,0.0
AAP,180719,122726,180817,C,160.0,124,0.850,Sell33%  ,Spread              ,97454371,97454371,0.01,143.37,10.6,20180813,bmo,112.0,0.1,160.0,112.0,112.0,1126,AAP_180719_122726_C,4,0.0
AAP,180719,122726,180817,C,160.0,1126,0.850,Sell33%  ,Spread              ,97454371,97454371,0.10,143.37,10.6,20180813,bmo,112.0,0.1,160.0,112.0,112.0,1126,AAP_180719_122726_D,4,0.0
AERI,180719,124823,180817,C,70.0,300,6.800,Buy66%   ,Spread              ,116721027,116721035,0.20,73.9,2.9,,,95.0,0.28,70.0,88.0,95.0,300,AERI_180719_124823_A,774,300.0
AERI,180719,124823,180720,C,65.0,300,9.200,Sell23%  ,Spread              ,116721035,116721027,0.28,73.9,2.9,,,88.0,0.28,70.0,88.0,95.0,300,AERI_180719_124823_B,338,0.0
AMD,180719,103745,180817,C,19.0,2500,0.420,Buy100%  ,BuyWrite            ,136069270,136069270,0.11,16.71,16.2,20180725,amc,114.0,0.26,19.0,102.0,114.0,2500,AMD_180719_103745_A,8617,2637.0
AMD,180719,103745,180817,C,18.0,2500,0.670,Buy100%  ,BuyWrite            ,136069270,136069270,0.17,16.71,16.2,20180725,amc,108.0,0.26,19.0,102.0,114.0,2500,AMD_180719_103745_B,32645,174.0
AMD,180719,103745,180817,C,17.0,2500,1.020,Buy100%  ,BuyWrite            ,136069270,136069270,0.26,16.71,16.2,20180725,amc,102.0,0.26,19.0,102.0,114.0,2500,AMD_180719_103745_C,20853,2853.0
AMD,180719,151516,190118,P,21.0,7000,5.350,Buy100%  ,BuyWrite            ,460919079,460919079,3.75,16.71,16.2,20180725,amc,126.0,3.75,21.0,126.0,126.0,7000,AMD_180719_151516_A,10908,9372.0
AMD,180719,151625,190118,P,21.0,7000,5.350,Buy100%  ,BuyWrite            ,460919079,460919079,3.75,16.71,16.2,20180725,amc,126.0,3.75,21.0,126.0,126.0,7000,AMD_180719_151625_B,10908,9372.0
AMZN,180719,111408,180817,P,1450.0,143,1.380,Sell7%   ,Spread              ,185732183,185732183,0.02,1812.97,851.6,20180726,amc,80.0,0.52,1590.0,80.0,88.0,143,AMZN_180719_111408_B,520,-113.0
AMZN,180719,111408,181116,P,1590.0,143,36.480,Buy44%   ,Spread              ,185732183,185732183,0.52,1812.97,851.6,20180726,amc,88.0,0.52,1590.0,80.0,88.0,143,AMZN_180719_111408_A,74,0.0
AMZN,180719,112534,180817,C,2000.0,775,13.650,Sell55%  ,Spread              ,197447205,197447203,1.06,1812.97,851.6,20180726,amc,110.0,1.06,2000.0,101.0,110.0,775,AMZN_180719_112534_A,1710,914.0
AMZN,180719,112534,180720,C,1830.0,477,12.550,Buy100%  ,Spread              ,197447203,197447203,0.60,1812.97,851.6,20180726,amc,101.0,1.06,2000.0,101.0,110.0,775,AMZN_180719_112534_B,3799,1117.0
AMZN,180719,115321,180720,C,1830.0,477,12.550,Buy12%   ,Spread              ,197447203,197447205,0.60,1812.97,851.6,20180726,amc,101.0,1.06,2000.0,101.0,110.0,775,AMZN_180719_115321_C,3799,1117.0
ARMK,180719,155904,190118,P,35.0,2000,1.000,Buy100%  ,BuyWrite            ,143045705,143045705,0.20,39.5,9.8,20180807,bmo,89.0,1.14,35.0,89.0,89.0,2000,ARMK_180719_155904_A,10000,0.0
ARMK,180719,155904,190118,C,35.0,2000,5.700,Sell50%  ,BuyWrite            ,143045705,143045705,1.14,39.5,9.8,20180807,bmo,89.0,1.14,35.0,89.0,89.0,2000,ARMK_180719_155904_B,10000,0.0
ASPS,180719,143928,180817,C,30.0,605,4.500,Buy11%   ,Spread              ,117485452,117485450,0.27,33.77,0.6,20180807,bmo,89.0,0.54,30.0,74.0,89.0,605,ASPS_180719_143928_A,631,0.0
ASPS,180719,143928,180720,C,25.0,605,8.900,Sell40%  ,Spread              ,117485450,117485452,0.54,33.77,0.6,20180807,bmo,74.0,0.54,30.0,74.0,89.0,605,ASPS_180719_143928_B,842,0.0
BA,180719,95310,180921,P,350.0,570,12.000,Sell100% ,Spread              ,27441350,27441351,0.68,355.33,209.7,20180725,bmo,98.0,0.68,350.0,90.0,98.0,570,BA_180719_95310_A,1879,918.0
BA,180719,95310,180921,P,320.0,570,4.100,Buy100%  ,Spread              ,27441351,27441350,0.23,355.33,209.7,20180725,bmo,90.0,0.68,350.0,90.0,98.0,570,BA_180719_95310_B,2569,924.0
BABA,180719,95027,181019,C,230.0,638,1.560,Sell20%  ,Spread              ,23826777,23826777,0.10,187.34,474.0,20180815,bmo,123.0,0.1,240.0,123.0,128.0,638,BABA_180719_95027_B,21530,999.0
BABA,180719,95027,181019,C,240.0,638,0.920,Buy33%   ,Spread              ,23826777,23826777,0.06,187.34,474.0,20180815,bmo,128.0,0.1,240.0,123.0,128.0,638,BABA_180719_95027_A,10410,-691.0
BABA,180719,102924,180817,C,220.0,582,0.420,Buy33%   ,Spread              ,60071019,60071019,0.02,187.34,474.0,20180815,bmo,117.0,0.05,220.0,107.0,117.0,582,BABA_180719_102924_A,15582,-1393.0
BABA,180719,102924,180817,C,200.0,194,2.770,Sell77%  ,Spread              ,60071019,60071019,0.05,187.34,474.0,20180815,bmo,107.0,0.05,220.0,107.0,117.0,582,BABA_180719_102924_B,23384,1365.0
BABA,180719,142752,180817,C,220.0,942,0.440,Buy33%   ,Spread              ,204317904,204317904,0.04,187.34,474.0,20180815,bmo,117.0,0.09,220.0,107.0,117.0,942,BABA_180719_142752_A,15582,-1393.0
BABA,180719,142752,180817,C,200.0,314,2.760,Sell71%  ,Spread              ,204317904,204317904,0.09,187.34,474.0,20180815,bmo,107.0,0.09,220.0,107.0,117.0,942,BABA_180719_142752_B,23384,1365.0
BABA,180719,153257,181019,C,190.0,175,11.180,Buy73%   ,Spread              ,240139893,240139894,0.20,187.34,474.0,20180815,bmo,101.0,0.2,215.0,101.0,115.0,175,BABA_180719_153257_B,37114,5964.0
BABA,180719,153257,181019,C,215.0,175,3.360,Sell20%  ,Spread              ,240132314,240132313,0.06,187.34,474.0,20180815,bmo,115.0,0.2,215.0,101.0,115.0,175,BABA_180719_153257_A,30633,5731.0
BABA,180719,153257,181019,C,190.0,175,11.180,Buy73%   ,Spread              ,240132313,240132314,0.20,187.34,474.0,20180815,bmo,101.0,0.2,215.0,101.0,115.0,175,BABA_180719_153257_B,37114,5964.0
BABA,180719,153257,181019,C,215.0,175,3.360,Sell20%  ,Spread              ,240139894,240139893,0.06,187.34,474.0,20180815,bmo,115.0,0.2,215.0,101.0,115.0,175,BABA_180719_153257_A,30633,5731.0
BABA,180719,153258,181019,C,215.0,175,3.360,Sell20%  ,Spread              ,240146188,240146187,0.06,187.34,474.0,20180815,bmo,115.0,0.2,215.0,101.0,115.0,175,BABA_180719_153258_A,30633,5731.0
BABA,180719,153258,181019,C,190.0,175,11.180,Buy73%   ,Spread              ,240146187,240146188,0.20,187.34,474.0,20180815,bmo,101.0,0.2,215.0,101.0,115.0,175,BABA_180719_153258_B,37114,5964.0
BABA,180719,153258,181019,C,190.0,175,11.180,Buy73%   ,Spread              ,240148595,240148596,0.20,187.34,474.0,20180815,bmo,101.0,0.2,215.0,101.0,115.0,175,BABA_180719_153258_B,37114,5964.0
BABA,180719,153258,181019,C,215.0,175,3.360,Sell20%  ,Spread              ,240148596,240148595,0.06,187.34,474.0,20180815,bmo,115.0,0.2,215.0,101.0,115.0,175,BABA_180719_153258_A,30633,5731.0
BABA,180719,153302,181019,C,215.0,175,3.350,Sell33%  ,Spread              ,240178283,240178282,0.06,187.34,474.0,20180815,bmo,115.0,0.2,215.0,101.0,115.0,175,BABA_180719_153302_A,30633,5731.0
BABA,180719,153302,181019,C,190.0,175,11.180,Buy30%   ,Spread              ,240180557,240180558,0.20,187.34,474.0,20180815,bmo,101.0,0.2,215.0,101.0,115.0,175,BABA_180719_153302_B,37114,5964.0
BABA,180719,153302,181019,C,190.0,175,11.180,Buy30%   ,Spread              ,240178282,240178283,0.20,187.34,474.0,20180815,bmo,101.0,0.2,215.0,101.0,115.0,175,BABA_180719_153302_B,37114,5964.0
BABA,180719,153302,181019,C,215.0,175,3.350,Sell33%  ,Spread              ,240182435,240182434,0.06,187.34,474.0,20180815,bmo,115.0,0.2,215.0,101.0,115.0,175,BABA_180719_153302_A,30633,5731.0
BABA,180719,153302,181019,C,190.0,175,11.180,Buy30%   ,Spread              ,240182434,240182435,0.20,187.34,474.0,20180815,bmo,101.0,0.2,215.0,101.0,115.0,175,BABA_180719_153302_B,37114,5964.0
BABA,180719,153302,181019,C,215.0,175,3.350,Sell33%  ,Spread              ,240180558,240180557,0.06,187.34,474.0,20180815,bmo,115.0,0.2,215.0,101.0,115.0,175,BABA_180719_153302_A,30633,5731.0
BABA,180719,153303,181019,C,215.0,175,3.350,Sell33%  ,Spread              ,240185805,240185801,0.06,187.34,474.0,20180815,bmo,115.0,0.2,215.0,101.0,115.0,175,BABA_180719_153303_A,30633,5731.0
BABA,180719,153303,181019,C,215.0,175,3.350,Sell33%  ,Spread              ,240189897,240189896,0.06,187.34,474.0,20180815,bmo,115.0,0.2,215.0,101.0,115.0,175,BABA_180719_153303_A,30633,5731.0
BABA,180719,153303,181019,C,190.0,175,11.180,Buy30%   ,Spread              ,240189896,240189897,0.20,187.34,474.0,20180815,bmo,101.0,0.2,215.0,101.0,115.0,175,BABA_180719_153303_B,37114,5964.0
BABA,180719,153303,181019,C,190.0,175,11.180,Buy30%   ,Spread              ,240185801,240185805,0.20,187.34,474.0,20180815,bmo,101.0,0.2,215.0,101.0,115.0,175,BABA_180719_153303_B,37114,5964.0
BABA,180719,153304,181019,C,190.0,175,11.190,Buy40%   ,Spread              ,240195249,240195250,0.20,187.34,474.0,20180815,bmo,101.0,0.2,215.0,101.0,115.0,175,BABA_180719_153304_B,37114,5964.0
BABA,180719,153304,181019,C,215.0,175,3.350,Sell33%  ,Spread              ,240193538,240193537,0.06,187.34,474.0,20180815,bmo,115.0,0.2,215.0,101.0,115.0,175,BABA_180719_153304_A,30633,5731.0
BABA,180719,153304,181019,C,215.0,175,3.350,Sell33%  ,Spread              ,240195250,240195249,0.06,187.34,474.0,20180815,bmo,115.0,0.2,215.0,101.0,115.0,175,BABA_180719_153304_A,30633,5731.0
BABA,180719,153304,181019,C,190.0,175,11.190,Buy40%   ,Spread              ,240193537,240193538,0.20,187.34,474.0,20180815,bmo,101.0,0.2,215.0,101.0,115.0,175,BABA_180719_153304_B,37114,5964.0
BABA,180719,153353,181019,C,215.0,175,3.400,Buy33%   ,Spread              ,240604225,240604224,0.06,187.34,474.0,20180815,bmo,115.0,0.2,215.0,101.0,115.0,175,BABA_180719_153353_A,30633,5731.0
BABA,180719,153353,181019,C,215.0,175,3.400,Buy33%   ,Spread              ,240607751,240607750,0.06,187.34,474.0,20180815,bmo,115.0,0.2,215.0,101.0,115.0,175,BABA_180719_153353_A,30633,5731.0
BABA,180719,153353,181019,C,190.0,175,11.250,Buy100%  ,Spread              ,240607750,240607751,0.20,187.34,474.0,20180815,bmo,101.0,0.2,215.0,101.0,115.0,175,BABA_180719_153353_B,37114,5964.0
BABA,180719,153353,181019,C,190.0,175,11.250,Buy100%  ,Spread              ,240604224,240604225,0.20,187.34,474.0,20180815,bmo,101.0,0.2,215.0,101.0,115.0,175,BABA_180719_153353_B,37114,5964.0
BABA,180719,153407,181019,C,190.0,2495,11.250,Buy50%   ,Spread              ,240732029,240732029,2.81,187.34,474.0,20180815,bmo,101.0,2.81,215.0,101.0,115.0,2495,BABA_180719_153407_B,37114,5964.0
BABA,180719,153407,181019,C,215.0,2495,3.400,Sell33%  ,Spread              ,240732029,240732028,0.85,187.34,474.0,20180815,bmo,115.0,2.81,215.0,101.0,115.0,2495,BABA_180719_153407_A,30633,5731.0
BAC,180719,104311,200619,P,23.0,552,1.160,Sell60%  ,Spread              ,71281843,71281843,0.06,29.67,302.3,20181015,bmo,78.0,0.06,23.0,78.0,78.0,552,BAC_180719_104311_A,1005,552.0
BAC,180719,104311,200117,P,23.0,552,0.940,Buy100%  ,Spread              ,71281843,71281843,0.05,29.67,302.3,20181015,bmo,78.0,0.06,23.0,78.0,78.0,552,BAC_180719_104311_B,33882,2.0
BERY,180719,121134,180817,C,50.0,2000,1.100,Buy100%  ,Spread              ,144994072,144994167,0.22,48.23,6.4,20180803,bmo,104.0,0.22,55.0,104.0,114.0,2000,BERY_180719_121134_B,8374,2073.0
BERY,180719,121134,180817,C,55.0,2000,0.200,Un0%     ,Spread              ,144994167,144994072,0.04,48.23,6.4,20180803,bmo,114.0,0.22,55.0,104.0,114.0,2000,BERY_180719_121134_A,4087,0.0
BIIB,180719,113343,180817,C,380.0,650,10.200,Buy72%   ,Spread              ,119134819,119134821,0.66,358.11,75.7,20180724,bmo,106.0,0.66,420.0,106.0,117.0,650,BIIB_180719_113343_B,1374,488.0
BIIB,180719,113343,180817,C,420.0,650,2.400,Sell78%  ,Spread              ,119134821,119134819,0.16,358.11,75.7,20180724,bmo,117.0,0.66,420.0,106.0,117.0,650,BIIB_180719_113343_A,787,655.0
CELG,180719,154659,190118,P,125.0,100,39.500,Sell7%   ,Spread              ,143552137,143552171,0.40,85.34,63.9,20180726,bmo,146.0,0.4,125.0,146.0,146.0,100,CELG_180719_154659_A,915,0.0
CELG,180719,154659,190118,P,130.0,450,44.500,Buy100%  ,Spread              ,143553670,143553678,2.00,85.34,63.9,20180726,bmo,152.0,3.56,135.0,146.0,158.0,900,CELG_180719_154659_B,599,2.0
CELG,180719,154659,190118,P,135.0,450,49.500,Buy12%   ,Spread              ,143553678,143553667,2.23,85.34,63.9,20180726,bmo,158.0,3.56,135.0,146.0,158.0,900,CELG_180719_154659_A,961,0.0
CELG,180719,154659,190118,P,125.0,900,39.500,Sell7%   ,Spread              ,143553667,143553670,3.56,85.34,63.9,20180726,bmo,146.0,3.56,135.0,146.0,158.0,900,CELG_180719_154659_C,915,0.0
CFR,180719,122752,190118,C,100.0,597,16.700,Un0%     ,Spread              ,79582939,79582940,1.00,114.65,7.4,20180726,bmo,87.0,1.71,100.0,87.0,87.0,1194,CFR_180719_122752_A,1199,
CFR,180719,122752,180720,C,100.0,1194,14.300,Sell11%  ,Spread              ,79582941,79582939,1.71,114.65,7.4,20180726,bmo,87.0,1.71,100.0,87.0,87.0,1194,CFR_180719_122752_B,1203,0.0
CFR,180719,122752,190118,C,100.0,597,16.600,Sell20%  ,Spread              ,79582940,79582941,0.99,114.65,7.4,20180726,bmo,87.0,1.71,100.0,87.0,87.0,1194,CFR_180719_122752_C,1199,
CLF,180719,133507,180720,C,7.0,10800,1.780,Buy33%   ,Spread              ,101663906,101663909,1.92,8.84,2.6,20180720,bmo,79.0,2.0,7.0,79.0,79.0,10800,CLF_180719_133507_A,3979,-10620.0
CLF,180719,133507,180817,C,7.0,10800,1.850,Buy100%  ,Spread              ,101663909,101663906,2.00,8.84,2.6,20180720,bmo,79.0,2.0,7.0,79.0,79.0,10800,CLF_180719_133507_B,12364,10761.0
COST,180719,103215,181019,C,240.0,307,1.280,Buy50%   ,Spread              ,36000539,36000539,0.04,217.54,95.4,20181004,amc,110.0,0.21,240.0,83.0,110.0,307,COST_180719_103215_A,2151,826.0
COST,180719,103215,181019,C,220.0,307,6.820,Sell20%  ,Spread              ,36000539,36000539,0.21,217.54,95.4,20181004,amc,101.0,0.21,240.0,83.0,110.0,307,COST_180719_103215_B,2772,792.0
COST,180719,103215,181019,P,200.0,307,2.370,Sell50%  ,Spread              ,36000539,36000539,0.07,217.54,95.4,20181004,amc,92.0,0.21,240.0,83.0,110.0,307,COST_180719_103215_C,2860,807.0
COST,180719,103215,181019,P,180.0,307,0.710,Buy60%   ,Spread              ,36000539,36000534,0.02,217.54,95.4,20181004,amc,83.0,0.21,240.0,83.0,110.0,307,COST_180719_103215_D,2368,782.0
CRNT,180719,131946,181221,C,2.5,500,1.420,Buy40%   ,Spread              ,119094120,119094125,0.07,3.76,0.3,20180806,bmo,66.0,0.07,5.0,66.0,133.0,500,CRNT_180719_131946_B,1260,515.0
CRNT,180719,131946,181221,C,5.0,500,0.220,Sell20%  ,Spread              ,119094125,119094120,0.01,3.76,0.3,20180806,bmo,133.0,0.07,5.0,66.0,133.0,500,CRNT_180719_131946_A,2469,500.0
CTB,180719,125449,181116,P,18.0,6000,0.220,Sell2%   ,Spread              ,107900634,107900632,0.13,25.8,1.3,20180802,bmo,70.0,1.13,23.0,70.0,89.0,9803,CTB_180719_125449_B,6005,6000.0
CTB,180719,125449,181116,P,23.0,9803,1.150,Buy100%  ,Spread              ,107900632,107900634,1.13,25.8,1.3,20180802,bmo,89.0,1.13,23.0,70.0,89.0,9803,CTB_180719_125449_A,12000,11975.0
CTB,180719,150928,181116,P,20.0,200,0.400,Sell33%  ,Spread              ,161924396,161924396,0.01,25.8,1.3,20180802,bmo,78.0,0.09,24.0,78.0,93.0,2300,CTB_180719_150928_B,3805,0.0
CTB,180719,150928,181116,P,20.0,2300,0.400,Sell33%  ,Spread              ,161924396,161924396,0.09,25.8,1.3,20180802,bmo,78.0,0.09,24.0,78.0,93.0,2300,CTB_180719_150928_C,3805,0.0
CTB,180719,150928,181116,P,24.0,200,1.350,Buy33%   ,Spread              ,161924396,161924396,0.03,25.8,1.3,20180802,bmo,93.0,0.09,24.0,78.0,93.0,2300,CTB_180719_150928_A,3554,0.0
DIS,180719,111644,181019,P,90.0,1000,0.150,Sell100% ,Spread              ,41465875,41465874,0.02,112.13,163.7,20180807,amc,80.0,0.07,100.0,80.0,89.0,1000,DIS_180719_111644_B,4290,-1015.0
DIS,180719,111644,181019,P,100.0,1000,0.650,Buy63%   ,Spread              ,41465874,41465875,0.07,112.13,163.7,20180807,amc,89.0,0.07,100.0,80.0,89.0,1000,DIS_180719_111644_A,4571,-967.0
DPZ,180719,112228,180921,C,310.0,2000,2.000,Sell52%  ,Spread              ,75365049,75365045,0.40,276.75,11.9,20180719,bmo,112.0,0.67,310.0,105.0,112.0,2000,DPZ_180719_112228_A,2188,2003.0
DPZ,180719,112228,180921,C,290.0,1000,6.700,Buy66%   ,Spread              ,75365045,75365049,0.67,276.75,11.9,20180719,bmo,105.0,0.67,310.0,105.0,112.0,2000,DPZ_180719_112228_B,1206,1093.0
DVMT,180719,145545,181019,P,75.0,900,0.550,Sell42%  ,Spread              ,173550625,173550633,0.05,94.74,18.7,20180905,bmo,79.0,0.05,80.0,79.0,84.0,900,DVMT_180719_145545_B,7650,-900.0
DVMT,180719,145545,181019,P,80.0,450,0.900,Sell50%  ,Spread              ,173550633,173550625,0.04,94.74,18.7,20180905,bmo,84.0,0.05,80.0,79.0,84.0,900,DVMT_180719_145545_A,1779,0.0
DVN,180719,103921,180720,C,46.0,334,0.030,Buy100%  ,Spread              ,51332495,51332487,0.00,44.14,22.8,20180731,amc,104.0,0.22,46.0,86.0,104.0,646,DVN_180719_103921_A,3837,-34.0
DVN,180719,103921,180720,C,38.0,355,6.200,Un0%     ,Spread              ,51332489,51332491,0.22,44.14,22.8,20180731,amc,86.0,0.22,46.0,86.0,104.0,646,DVN_180719_103921_C,4237,-451.0
DVN,180719,103921,180831,C,45.5,646,1.740,Sell33%  ,Spread              ,51332487,51332489,0.11,44.14,22.8,20180731,amc,103.0,0.22,46.0,86.0,104.0,646,DVN_180719_103921_B,665,646.0
EBAY,180719,131738,190118,C,45.0,990,0.230,Un0%     ,Spread              ,129742823,129742823,0.02,34.11,33.3,20181016,amc,132.0,0.02,50.0,132.0,147.0,990,EBAY_180719_131738_B,13814,-580.0
EBAY,180719,131738,190118,C,50.0,990,0.040,Sell100% ,Spread              ,129742823,129742819,0.00,34.11,33.3,20181016,amc,147.0,0.02,50.0,132.0,147.0,990,EBAY_180719_131738_A,7844,8.0
EDIT,180719,145625,180817,P,35.0,1050,2.250,Buy72%   ,Spread              ,173811634,173811638,0.24,36.13,1.7,20180807,amc,97.0,0.39,40.0,97.0,111.0,1050,EDIT_180719_145625_B,1848,1063.0
EDIT,180719,145625,180720,P,40.0,975,4.050,Sell25%  ,Spread              ,173811638,173811634,0.39,36.13,1.7,20180807,amc,111.0,0.39,40.0,97.0,111.0,1050,EDIT_180719_145625_A,975,0.0
EGN,180719,104407,180720,C,67.5,520,6.900,Sell42%  ,Spread              ,32227565,32227566,0.36,74.87,7.4,20180807,bmo,90.0,0.36,72.5,90.0,97.0,520,EGN_180719_104407_B,1611,-213.0
EGN,180719,104407,180720,C,72.5,520,2.050,Buy40%   ,Spread              ,32227566,32227565,0.11,74.87,7.4,20180807,bmo,97.0,0.36,72.5,90.0,97.0,520,EGN_180719_104407_A,1386,-10.0
ENTA,180719,154541,181019,C,95.0,270,29.500,Sell63%  ,Spread              ,121777724,121777715,0.80,123.13,2.3,20180807,amc,77.0,0.8,95.0,77.0,77.0,270,ENTA_180719_154541_A,12,0.0
EWJ,180719,153103,190118,P,57.0,11500,1.550,Sell50%  ,BuyWrite            ,176423040,176423040,1.78,58.01,,,,98.0,1.78,57.0,88.0,98.0,11500,EWJ_180719_153103_A,12671,0.0
EWJ,180719,153103,200117,P,51.0,11500,1.510,Sell45%  ,BuyWrite            ,176423040,176423040,1.74,58.01,,,,88.0,1.78,57.0,88.0,98.0,11500,EWJ_180719_153103_B,11500,
F,180719,120945,190621,C,12.0,650,0.430,Sell33%  ,BuyWrite            ,90831866,90831866,0.03,10.82,42.7,20180725,amc,111.0,1.35,12.0,111.0,111.0,7150,F_180719_120945_A,41728,-454.0
F,180719,120945,190621,C,12.0,5200,0.420,Sell100% ,BuyWrite            ,90831866,90831866,0.22,10.82,42.7,20180725,amc,111.0,1.35,12.0,111.0,111.0,7150,F_180719_120945_B,41728,-454.0
F,180719,120945,190621,P,12.0,7150,1.890,Buy60%   ,BuyWrite            ,90831866,90831866,1.35,10.82,42.7,20180725,amc,111.0,1.35,12.0,111.0,111.0,7150,F_180719_120945_C,47657,0.0
F,180719,134023,190118,C,7.87,350,2.950,Sell33%  ,Spread              ,129579789,129579788,0.10,10.82,42.7,20180725,amc,73.0,0.21,7.87,45.0,73.0,350,F_180719_134023_A,14227,-331.0
F,180719,134023,190118,C,4.87,350,5.950,Un0%     ,Spread              ,129579788,129579789,0.21,10.82,42.7,20180725,amc,45.0,0.21,7.87,45.0,73.0,350,F_180719_134023_B,1023,-335.0
F,180719,134025,190118,C,4.87,350,5.950,Un0%     ,Spread              ,129598497,129598498,0.21,10.82,42.7,20180725,amc,45.0,0.21,7.87,45.0,73.0,350,F_180719_134025_B,1023,-335.0
F,180719,134025,190118,C,7.87,350,2.950,Sell33%  ,Spread              ,129598498,129598497,0.10,10.82,42.7,20180725,amc,73.0,0.21,7.87,45.0,73.0,350,F_180719_134025_A,14227,-331.0
F,180719,134032,190118,C,7.87,900,2.960,Buy33%   ,Spread              ,129646075,129646076,0.27,10.82,42.7,20180725,amc,73.0,0.27,10.0,73.0,92.0,900,F_180719_134032_B,14227,-331.0
F,180719,134032,180720,C,10.0,900,0.830,Buy100%  ,Spread              ,129646076,129646075,0.07,10.82,42.7,20180725,amc,92.0,0.27,10.0,73.0,92.0,900,F_180719_134032_A,102,-5485.0
F,180719,134034,180720,C,10.0,900,0.830,Buy100%  ,Spread              ,129654640,129654639,0.07,10.82,42.7,20180725,amc,92.0,0.27,10.0,73.0,92.0,900,F_180719_134034_A,102,-5485.0
F,180719,134034,190118,C,7.87,900,2.960,Buy33%   ,Spread              ,129654639,129654640,0.27,10.82,42.7,20180725,amc,73.0,0.27,10.0,73.0,92.0,900,F_180719_134034_B,14227,-331.0
FB,180719,104323,180817,C,220.0,240,2.940,Sell60%  ,BuyWrite            ,50037759,50037759,0.07,208.09,588.9,20180725,amc,106.0,0.34,230.0,99.0,111.0,360,FB_180719_104323_C,12463,369.0
FB,180719,104323,180817,C,205.0,240,9.360,Buy20%   ,BuyWrite            ,50037759,50037759,0.22,208.09,588.9,20180725,amc,99.0,0.34,230.0,99.0,111.0,360,FB_180719_104323_G,18201,-93.0
FB,180719,104323,180817,C,215.0,240,4.540,Sell11%  ,BuyWrite            ,50037759,50037759,0.11,208.09,588.9,20180725,amc,103.0,0.34,230.0,99.0,111.0,360,FB_180719_104323_E,10711,645.0
FB,180719,104323,180817,C,230.0,240,1.150,Sell100% ,BuyWrite            ,50037759,50037760,0.03,208.09,588.9,20180725,amc,111.0,0.34,230.0,99.0,111.0,360,FB_180719_104323_A,22213,298.0
FB,180719,104323,180817,C,205.0,360,9.360,Buy20%   ,BuyWrite            ,50037760,50037760,0.34,208.09,588.9,20180725,amc,99.0,0.34,230.0,99.0,111.0,360,FB_180719_104323_H,18201,-93.0
FB,180719,104323,180817,C,215.0,360,4.540,Sell11%  ,BuyWrite            ,50037760,50037760,0.16,208.09,588.9,20180725,amc,103.0,0.34,230.0,99.0,111.0,360,FB_180719_104323_F,10711,645.0
FB,180719,104323,180817,C,220.0,360,2.940,Sell60%  ,BuyWrite            ,50037760,50037761,0.11,208.09,588.9,20180725,amc,106.0,0.34,230.0,99.0,111.0,360,FB_180719_104323_D,12463,369.0
FB,180719,104323,180817,C,230.0,360,1.150,Sell100% ,BuyWrite            ,50037761,50037759,0.04,208.09,588.9,20180725,amc,111.0,0.34,230.0,99.0,111.0,360,FB_180719_104323_B,22213,298.0
FB,180719,155055,180921,P,205.0,500,7.650,Sell100% ,Spread              ,187240025,187240036,0.38,208.09,588.9,20180725,amc,99.0,0.38,205.0,84.0,99.0,500,FB_180719_155055_A,5229,43.0
FB,180719,155055,180921,P,175.0,500,1.200,Buy100%  ,Spread              ,187240036,187240025,0.06,208.09,588.9,20180725,amc,84.0,0.38,205.0,84.0,99.0,500,FB_180719_155055_B,5319,-390.0
FTI,180719,105257,180720,C,32.0,3000,0.110,Sell86%  ,Spread              ,45627932,45627934,0.03,30.1,14.0,,,106.0,0.09,33.0,106.0,110.0,3000,FTI_180719_105257_B,11863,-2881.0
FTI,180719,105257,180817,C,33.0,1500,0.590,Buy60%   ,Spread              ,45627934,45627932,0.09,30.1,14.0,,,110.0,0.09,33.0,106.0,110.0,3000,FTI_180719_105257_A,7075,5213.0
FTI,180719,111335,180817,C,33.0,368,0.590,Sell20%  ,Spread              ,54641157,54641157,0.02,30.1,14.0,,,110.0,0.02,33.0,106.0,110.0,736,FTI_180719_111335_A,7075,5213.0
FTI,180719,111335,180720,C,32.0,736,0.110,Sell86%  ,Spread              ,54641155,54641155,0.01,30.1,14.0,,,106.0,0.02,33.0,106.0,110.0,736,FTI_180719_111335_C,11863,-2881.0
FTI,180719,113105,180720,C,32.0,736,0.110,Sell40%  ,Spread              ,54641155,54641157,0.01,30.1,14.0,,,106.0,0.02,33.0,106.0,110.0,736,FTI_180719_113105_D,11863,-2881.0
FTI,180719,115240,180817,C,33.0,673,0.590,Buy60%   ,Spread              ,70275336,70275334,0.04,30.1,14.0,,,110.0,0.04,33.0,106.0,110.0,673,FTI_180719_115240_A,7075,5213.0
FTI,180719,115240,180720,C,32.0,368,0.110,Sell40%  ,Spread              ,70275334,70275336,0.00,30.1,14.0,,,106.0,0.04,33.0,106.0,110.0,673,FTI_180719_115240_B,11863,-2881.0
FTI,180719,120749,180817,C,33.0,368,0.590,Buy60%   ,Spread              ,54641157,54641155,0.02,30.1,14.0,,,110.0,0.02,33.0,106.0,110.0,736,FTI_180719_120749_B,7075,5213.0
GE,180719,123822,190118,P,16.0,10000,2.680,Buy100%  ,BuyWrite            ,57857126,57857126,2.68,13.73,120.1,20180720,bmo,117.0,2.68,16.0,117.0,117.0,10000,GE_180719_123822_A,20910,10431.0
GE,180719,123822,190118,C,16.0,10000,0.360,Buy100%  ,BuyWrite            ,57857126,57857126,0.36,13.73,120.1,20180720,bmo,117.0,2.68,16.0,117.0,117.0,10000,GE_180719_123822_B,36772,7566.0
GM,180719,121113,180817,C,44.0,600,0.140,Buy100%  ,Spread              ,79819050,79819050,0.01,39.31,55.4,20180725,bmo,112.0,0.02,44.0,102.0,112.0,600,GM_180719_121113_A,6800,-847.0
GM,180719,121113,180817,C,40.0,200,0.980,Sell100% ,Spread              ,79819050,79819050,0.02,39.31,55.4,20180725,bmo,102.0,0.02,44.0,102.0,112.0,600,GM_180719_121113_B,5865,-1092.0
GM,180719,121113,180817,C,44.0,600,0.140,Buy100%  ,Spread              ,79818601,79818601,0.01,39.31,55.4,20180725,bmo,112.0,0.02,44.0,102.0,112.0,600,GM_180719_121113_A,6800,-847.0
GM,180719,121113,180817,C,40.0,200,0.980,Sell100% ,Spread              ,79818601,79818601,0.02,39.31,55.4,20180725,bmo,102.0,0.02,44.0,102.0,112.0,600,GM_180719_121113_B,5865,-1092.0
GM,180719,121113,180817,C,44.0,600,0.140,Buy100%  ,Spread              ,79818372,79818372,0.01,39.31,55.4,20180725,bmo,112.0,0.02,44.0,102.0,112.0,600,GM_180719_121113_A,6800,-847.0
GM,180719,121113,180817,C,40.0,200,0.980,Sell100% ,Spread              ,79818372,79818372,0.02,39.31,55.4,20180725,bmo,102.0,0.02,44.0,102.0,112.0,600,GM_180719_121113_B,5865,-1092.0
GM,180719,121113,180817,C,44.0,600,0.140,Buy100%  ,Spread              ,79819229,79819229,0.01,39.31,55.4,20180725,bmo,112.0,0.02,44.0,102.0,112.0,600,GM_180719_121113_A,6800,-847.0
GM,180719,121113,180817,C,40.0,200,0.980,Sell100% ,Spread              ,79819229,79819229,0.02,39.31,55.4,20180725,bmo,102.0,0.02,44.0,102.0,112.0,600,GM_180719_121113_B,5865,-1092.0
GM,180719,121113,180817,C,40.0,200,0.980,Sell100% ,Spread              ,79818929,79818929,0.02,39.31,55.4,20180725,bmo,102.0,0.02,44.0,102.0,112.0,600,GM_180719_121113_B,5865,-1092.0
GM,180719,121113,180817,C,44.0,600,0.140,Buy100%  ,Spread              ,79818929,79818929,0.01,39.31,55.4,20180725,bmo,112.0,0.02,44.0,102.0,112.0,600,GM_180719_121113_A,6800,-847.0
GRA,180719,114013,180921,P,62.5,1000,0.300,Buy60%   ,Spread              ,105719312,105719314,0.03,73.83,5.0,20180726,bmo,85.0,0.11,62.5,85.0,85.0,1000,GRA_180719_114013_A,804,0.0
GRA,180719,114013,190118,P,62.5,1000,1.070,Buy35%   ,Spread              ,105719314,105719312,0.11,73.83,5.0,20180726,bmo,85.0,0.11,62.5,85.0,85.0,1000,GRA_180719_114013_B,1000,
GWW,180719,102751,180817,C,370.0,1000,1.850,Buy100%  ,Spread              ,57858995,57858997,0.19,341.45,19.1,20181016,bmo,108.0,0.19,380.0,108.0,111.0,1000,GWW_180719_102751_B,3580,3548.0
GWW,180719,102751,180817,C,380.0,1000,0.900,Buy100%  ,Spread              ,57858997,57858995,0.09,341.45,19.1,20181016,bmo,111.0,0.19,380.0,108.0,111.0,1000,GWW_180719_102751_A,12,0.0
GWW,180719,113051,180817,C,380.0,1000,0.950,Buy100%  ,Spread              ,100106287,100106284,0.10,341.45,19.1,20181016,bmo,111.0,0.21,380.0,108.0,111.0,1000,GWW_180719_113051_A,12,0.0
GWW,180719,113051,180817,C,370.0,1000,2.050,Buy100%  ,Spread              ,100106284,100106287,0.21,341.45,19.1,20181016,bmo,108.0,0.21,380.0,108.0,111.0,1000,GWW_180719_113051_B,3580,3548.0
GWW,180719,123211,180817,C,380.0,500,0.800,Buy100%  ,Spread              ,133594559,133594555,0.04,341.45,19.1,20181016,bmo,111.0,0.09,380.0,108.0,111.0,500,GWW_180719_123211_A,12,0.0
GWW,180719,123211,180817,C,370.0,500,1.750,Buy100%  ,Spread              ,133594555,133594559,0.09,341.45,19.1,20181016,bmo,108.0,0.09,380.0,108.0,111.0,500,GWW_180719_123211_B,3580,3548.0
GWW,180719,140911,180817,C,370.0,1000,1.600,Buy100%  ,Spread              ,186034652,186034654,0.16,341.45,19.1,20181016,bmo,108.0,0.16,380.0,108.0,111.0,1000,GWW_180719_140911_B,3580,3548.0
GWW,180719,140911,180817,C,380.0,1000,0.700,Buy100%  ,Spread              ,186034654,186034652,0.07,341.45,19.1,20181016,bmo,111.0,0.16,380.0,108.0,111.0,1000,GWW_180719_140911_A,12,0.0
HBI,180719,124422,180817,C,24.0,6000,0.300,Un0%     ,Spread              ,105469394,105469397,0.18,22.2,8.1,20180801,bmo,108.0,0.36,25.0,104.0,113.0,6000,HBI_180719_124422_B,7294,6142.0
HBI,180719,124422,180817,C,25.0,6000,0.110,Sell80%  ,Spread              ,105469397,105469389,0.07,22.2,8.1,20180801,bmo,113.0,0.36,25.0,104.0,113.0,6000,HBI_180719_124422_A,7238,6001.0
HBI,180719,124422,180817,C,23.0,6000,0.600,Un0%     ,Spread              ,105469389,105469394,0.36,22.2,8.1,20180801,bmo,104.0,0.36,25.0,104.0,113.0,6000,HBI_180719_124422_C,7441,6118.0
HEAR,180719,114846,180817,P,25.0,1230,2.800,Buy100%  ,Spread              ,82019223,82019226,0.34,26.1,0.3,20180806,amc,96.0,0.34,25.0,86.0,96.0,1230,HEAR_180719_114846_A,1403,1327.0
HEAR,180719,114846,180817,P,22.5,930,1.750,Un0%     ,Spread              ,82019226,82019223,0.16,26.1,0.3,20180806,amc,86.0,0.34,25.0,86.0,96.0,1230,HEAR_180719_114846_B,1077,0.0
HIIQ,180719,135825,180817,P,25.0,1500,0.250,Sell100% ,Spread              ,138471839,138471844,0.04,32.35,0.6,20180731,amc,77.0,0.04,25.0,77.0,77.0,1500,HIIQ_180719_135825_A,1982,1530.0
INTC,180719,153539,180720,C,52.0,609,0.170,Sell100% ,Spread              ,130202728,130202727,0.01,51.98,242.7,20180726,amc,100.0,0.29,52.0,90.0,100.0,609,INTC_180719_153539_A,5431,-626.0
INTC,180719,153539,180720,C,47.0,609,4.740,Sell20%  ,Spread              ,130202727,130202728,0.29,51.98,242.7,20180726,amc,90.0,0.29,52.0,90.0,100.0,609,INTC_180719_153539_B,1138,-1220.0
IQ,180719,100403,190118,P,22.5,2500,1.700,Buy100%  ,Spread              ,24735252,24735249,0.43,32.65,21.5,20180731,amc,69.0,0.43,22.5,61.0,69.0,2500,IQ_180719_100403_A,3927,2521.0
IQ,180719,100403,190118,P,20.0,2500,1.050,Buy50%   ,Spread              ,24735249,24735252,0.26,32.65,21.5,20180731,amc,61.0,0.43,22.5,61.0,69.0,2500,IQ_180719_100403_B,8593,2551.0
IRBT,180719,95258,181221,C,80.0,231,8.800,Un0%     ,Spread              ,16562363,16562363,0.20,77.89,2.1,20180724,amc,103.0,0.51,80.0,74.0,103.0,241,IRBT_180719_95258_A,468,380.0
IRBT,180719,95258,180921,C,57.5,241,21.190,Sell40%  ,Spread              ,16562363,16562363,0.51,77.89,2.1,20180724,amc,74.0,0.51,80.0,74.0,103.0,241,IRBT_180719_95258_C,251,0.0
IRBT,180719,95258,181221,C,80.0,146,8.790,Sell2%   ,Spread              ,16562363,16562363,0.13,77.89,2.1,20180724,amc,103.0,0.51,80.0,74.0,103.0,241,IRBT_180719_95258_B,468,380.0
JCP,180719,152211,180817,P,3.0,10700,0.560,Buy100%  ,BuyWrite            ,187093116,187093116,0.60,2.56,0.8,20180809,bmo,117.0,0.6,3.0,117.0,117.0,10700,JCP_180719_152211_A,27438,10237.0
JCP,180719,152211,180817,C,3.0,10700,0.080,Sell100% ,BuyWrite            ,187093116,187093116,0.09,2.56,0.8,20180809,bmo,117.0,0.6,3.0,117.0,117.0,10700,JCP_180719_152211_B,28371,10422.0
JD,180719,95712,180921,C,45.0,900,0.260,Buy100%  ,Spread              ,24444446,24444446,0.02,36.88,52.4,20180813,bmo,122.0,0.02,45.0,119.0,122.0,900,JD_180719_95712_A,11903,1912.0
JD,180719,95712,180817,C,44.0,600,0.130,Un0%     ,Spread              ,24446817,24446817,0.01,36.88,52.4,20180813,bmo,119.0,0.02,45.0,119.0,122.0,600,JD_180719_95712_B,11080,-5477.0
JD,180719,95712,180817,C,44.0,900,0.140,Buy100%  ,Spread              ,24444446,24444446,0.01,36.88,52.4,20180813,bmo,119.0,0.02,45.0,119.0,122.0,900,JD_180719_95712_B,11080,-5477.0
JD,180719,95712,180921,C,45.0,600,0.250,Sell100% ,Spread              ,24446817,24446817,0.02,36.88,52.4,20180813,bmo,122.0,0.02,45.0,119.0,122.0,600,JD_180719_95712_A,11903,1912.0
JD,180719,101925,180817,C,44.0,600,0.130,Buy100%  ,Spread              ,41459395,41459395,0.01,36.88,52.4,20180813,bmo,119.0,0.02,45.0,119.0,122.0,600,JD_180719_101925_B,11080,-5477.0
JD,180719,101925,180921,C,45.0,600,0.260,Sell100% ,Spread              ,41459395,41459395,0.02,36.88,52.4,20180813,bmo,122.0,0.02,45.0,119.0,122.0,600,JD_180719_101925_A,11903,1912.0
JD,180719,113817,180817,C,44.0,1918,0.140,Buy100%  ,Spread              ,88338866,88338866,0.03,36.88,52.4,20180813,bmo,119.0,0.05,45.0,119.0,122.0,1918,JD_180719_113817_B,11080,-5477.0
JD,180719,113817,180921,C,45.0,1918,0.260,Sell100% ,Spread              ,88338866,88338866,0.05,36.88,52.4,20180813,bmo,122.0,0.05,45.0,119.0,122.0,1918,JD_180719_113817_A,11903,1912.0
JD,180719,120134,181221,C,50.0,628,0.480,Sell50%  ,Spread              ,98309088,98309088,0.03,36.88,52.4,20180813,bmo,136.0,0.03,50.0,119.0,136.0,628,JD_180719_120134_A,18870,7998.0
JD,180719,120134,180817,C,44.0,628,0.120,Sell100% ,Spread              ,98309088,98309088,0.01,36.88,52.4,20180813,bmo,119.0,0.03,50.0,119.0,136.0,628,JD_180719_120134_B,11080,-5477.0
JD,180719,130657,181221,C,50.0,1000,0.470,Sell20%  ,Spread              ,125911192,125911192,0.05,36.88,52.4,20180813,bmo,136.0,0.05,50.0,119.0,136.0,1000,JD_180719_130657_A,18870,7998.0
JD,180719,130657,180817,C,44.0,1000,0.130,Buy100%  ,Spread              ,125911192,125911192,0.01,36.88,52.4,20180813,bmo,119.0,0.05,50.0,119.0,136.0,1000,JD_180719_130657_B,11080,-5477.0
JD,180719,131052,190118,P,37.0,343,3.260,Buy20%   ,Spread              ,127924566,127924567,0.11,36.88,52.4,20180813,bmo,100.0,0.2,41.0,100.0,111.0,343,JD_180719_131052_B,47267,627.0
JD,180719,131052,190118,P,41.0,343,5.710,Sell20%  ,Spread              ,127924567,127924566,0.20,36.88,52.4,20180813,bmo,111.0,0.2,41.0,100.0,111.0,343,JD_180719_131052_A,971,0.0
JD,180719,141458,181221,C,50.0,587,0.500,Sell50%  ,Spread              ,157843167,157843168,0.03,36.88,52.4,20180813,bmo,136.0,0.03,55.0,136.0,149.0,587,JD_180719_141458_B,18870,7998.0
JD,180719,141458,181221,C,55.0,587,0.270,Sell100% ,Spread              ,157843168,157843167,0.02,36.88,52.4,20180813,bmo,149.0,0.03,55.0,136.0,149.0,587,JD_180719_141458_A,11028,-2700.0
JD,180719,154238,181221,C,50.0,1350,0.470,Sell33%  ,Spread              ,195839224,195839224,0.06,36.88,52.4,20180813,bmo,136.0,0.06,55.0,136.0,149.0,1350,JD_180719_154238_B,18870,7998.0
JD,180719,154238,181221,C,55.0,1350,0.270,Un0%     ,Spread              ,195839224,195839224,0.04,36.88,52.4,20180813,bmo,149.0,0.06,55.0,136.0,149.0,1350,JD_180719_154238_A,11028,-2700.0
JD,180719,154823,181221,C,50.0,900,0.480,Buy33%   ,Spread              ,199081842,199081846,0.04,36.88,52.4,20180813,bmo,136.0,0.04,55.0,136.0,149.0,900,JD_180719_154823_B,18870,7998.0
JD,180719,154823,181221,C,55.0,900,0.280,Buy100%  ,Spread              ,199081846,199081842,0.03,36.88,52.4,20180813,bmo,149.0,0.04,55.0,136.0,149.0,900,JD_180719_154823_A,11028,-2700.0
KEM,180719,151559,180921,C,35.0,1000,0.650,Sell33%  ,Spread              ,159932011,159932008,0.07,29.39,1.7,20180725,bmo,119.0,0.94,35.0,68.0,119.0,1000,KEM_180719_151559_A,1035,1000.0
KEM,180719,151559,180921,C,25.0,1000,5.370,Buy36%   ,Spread              ,159932009,159932011,0.54,29.39,1.7,20180725,bmo,85.0,0.94,35.0,68.0,119.0,1000,KEM_180719_151559_B,1993,1000.0
KEM,180719,151559,180720,C,20.0,1000,9.370,Sell40%  ,Spread              ,159932008,159932009,0.94,29.39,1.7,20180725,bmo,68.0,0.94,35.0,68.0,119.0,1000,KEM_180719_151559_C,415,-943.0
KR,180719,154909,180817,P,25.0,1033,0.060,Sell100% ,Spread              ,172955820,172955819,0.01,28.12,22.5,20180913,bmo,89.0,0.01,25.0,62.0,89.0,1033,KR_180719_154909_A,2293,1945.0
KR,180719,154909,190118,P,17.5,1033,0.120,Buy66%   ,Spread              ,172955819,172955820,0.01,28.12,22.5,20180913,bmo,62.0,0.01,25.0,62.0,89.0,1033,KR_180719_154909_B,25946,0.0
LVS,180719,152027,180921,P,65.0,1600,0.650,Buy33%   ,Spread              ,144163717,144163717,0.10,74.05,57.3,20180725,amc,88.0,0.1,65.0,88.0,88.0,1600,LVS_180719_152027_A,5111,1536.0
MDXG,180719,150856,180921,P,2.5,750,0.470,Sell20%  ,Spread              ,114965429,114965429,0.04,4.02,0.4,,,62.0,0.06,5.0,62.0,124.0,750,MDXG_180719_150856_B,44881,2846.0
MDXG,180719,150856,180720,P,5.0,750,0.770,Sell100% ,Spread              ,114965429,114965429,0.06,4.02,0.4,,,124.0,0.06,5.0,62.0,124.0,750,MDXG_180719_150856_A,17012,-652.0
MGM,180719,151713,180824,P,27.5,600,0.240,Un0%     ,Spread              ,117275383,117275382,0.01,30.82,16.6,20180802,bmo,89.0,0.01,27.5,88.0,89.0,600,MGM_180719_151713_A,12,0.0
MGM,180719,151713,180824,P,27.0,600,0.200,Buy50%   ,Spread              ,117275382,117275383,0.01,30.82,16.6,20180802,bmo,88.0,0.01,27.5,88.0,89.0,600,MGM_180719_151713_B,262,0.0
MGM,180719,155323,180824,P,27.0,600,0.190,Buy50%   ,Spread              ,128292657,128292658,0.01,30.82,16.6,20180802,bmo,88.0,0.01,27.5,88.0,89.0,600,MGM_180719_155323_B,262,0.0
MGM,180719,155323,180824,P,27.5,600,0.230,Sell50%  ,Spread              ,128292658,128292657,0.01,30.82,16.6,20180802,bmo,89.0,0.01,27.5,88.0,89.0,600,MGM_180719_155323_A,12,0.0
MMM,180719,110936,190118,P,175.0,1000,3.950,Buy100%  ,BuyWrite            ,47787068,47787068,0.40,201.6,120.2,20180724,bmo,87.0,0.83,210.0,87.0,104.0,1000,MMM_180719_110936_B,3674,1000.0
MMM,180719,110936,190118,C,210.0,1000,8.250,Buy88%   ,BuyWrite            ,47787068,47787068,0.83,201.6,120.2,20180724,bmo,104.0,0.83,210.0,87.0,104.0,1000,MMM_180719_110936_A,2842,1012.0
MO,180719,102425,180727,P,55.0,5000,0.700,Buy100%  ,Spread              ,30218392,30218396,0.35,56.94,108.2,20180726,bmo,97.0,0.35,56.5,90.0,99.0,5000,MO_180719_102425_B,5388,5046.0
MO,180719,102425,180720,P,56.5,5000,0.700,Buy100%  ,Spread              ,30218389,30218392,0.35,56.94,108.2,20180726,bmo,99.0,0.35,56.5,90.0,99.0,5000,MO_180719_102425_A,8918,3277.0
MO,180719,102425,180727,P,51.0,5000,0.100,Sell100% ,Spread              ,30218396,30218389,0.05,56.94,108.2,20180726,bmo,90.0,0.35,56.5,90.0,99.0,5000,MO_180719_102425_C,1,0.0
MRTX,180719,124117,180720,C,40.0,250,9.800,Buy7%    ,Spread              ,139656734,139656728,0.25,51.0,1.6,,,78.0,0.25,40.0,78.0,78.0,250,MRTX_180719_124117_A,319,-250.0
MSFT,180719,95202,180720,P,98.0,990,0.160,Buy100%  ,Spread              ,24806628,24806630,0.02,104.4,803.9,20180719,amc,94.0,0.02,98.0,90.0,94.0,990,MSFT_180719_95202_A,6185,1037.0
MSFT,180719,95202,180720,P,94.0,990,0.060,Buy33%   ,Spread              ,24806630,24806628,0.01,104.4,803.9,20180719,amc,90.0,0.02,98.0,90.0,94.0,990,MSFT_180719_95202_B,2588,1477.0
MSFT,180719,104104,190118,P,90.0,1750,1.800,Sell100% ,BuyWrite            ,67457705,67457705,0.32,104.4,803.9,20180719,amc,86.0,0.79,110.0,86.0,105.0,1750,MSFT_180719_104104_B,26100,1359.0
MSFT,180719,104104,190118,C,110.0,1750,4.500,Un0%     ,BuyWrite            ,67457705,67457705,0.79,104.4,803.9,20180719,amc,105.0,0.79,110.0,86.0,105.0,1750,MSFT_180719_104104_A,39119,2046.0
MU,180719,100103,180921,P,45.0,400,0.480,Un0%     ,Spread              ,34508321,34508323,0.02,56.22,63.0,20180924,amc,80.0,0.23,60.0,80.0,107.0,400,MU_180719_100103_B,8683,586.0
MU,180719,100103,180921,P,60.0,400,5.680,Buy6%    ,Spread              ,34508323,34508321,0.23,56.22,63.0,20180924,amc,107.0,0.23,60.0,80.0,107.0,400,MU_180719_100103_A,2220,580.0
MU,180719,134627,180720,P,62.5,450,6.560,Buy20%   ,Spread              ,176674798,176674797,0.30,56.22,63.0,20180924,amc,111.0,0.3,62.5,102.0,111.0,450,MU_180719_134627_A,2199,-1618.0
MU,180719,134627,180720,P,57.5,450,1.620,Buy20%   ,Spread              ,176674797,176674798,0.07,56.22,63.0,20180924,amc,102.0,0.3,62.5,102.0,111.0,450,MU_180719_134627_B,38621,-656.0
MZOR,180719,110030,180817,C,55.0,324,7.500,Buy60%   ,Spread              ,81689632,81689630,0.24,61.5,1.6,,,89.0,0.24,55.0,81.0,89.0,324,MZOR_180719_110030_A,1477,321.0
MZOR,180719,110030,180720,C,50.0,221,11.000,Un0%     ,Spread              ,81689630,81689632,0.24,61.5,1.6,,,81.0,0.24,55.0,81.0,89.0,324,MZOR_180719_110030_B,342,98.0
NFLX,180719,104707,180921,C,470.0,1494,1.930,Buy55%   ,Spread              ,96902516,96902412,0.29,364.23,167.5,20181015,amc,129.0,0.56,470.0,110.0,129.0,1494,NFLX_180719_104707_A,1412,-592.0
NFLX,180719,104707,180921,C,400.0,498,11.290,Sell10%  ,Spread              ,96902511,96902516,0.56,364.23,167.5,20181015,amc,110.0,0.56,470.0,110.0,129.0,1494,NFLX_180719_104707_B,6735,-374.0
NFLX,180719,104824,180817,C,375.0,400,12.800,Buy100%  ,Spread              ,97993050,97993051,0.51,364.23,167.5,20181015,amc,103.0,0.51,425.0,103.0,117.0,400,NFLX_180719_104824_B,6792,600.0
NFLX,180719,104824,180817,C,425.0,400,1.900,Sell100% ,Spread              ,97993051,97993050,0.08,364.23,167.5,20181015,amc,117.0,0.51,425.0,103.0,117.0,400,NFLX_180719_104824_A,1732,371.0
NFLX,180719,112131,181019,C,375.0,115,28.500,Buy38%   ,Spread              ,127493152,127493153,0.33,364.23,167.5,20181015,amc,103.0,0.33,450.0,103.0,124.0,345,NFLX_180719_112131_B,682,527.0
NFLX,180719,112131,181019,C,450.0,345,7.400,Buy42%   ,Spread              ,127493153,127493152,0.26,364.23,167.5,20181015,amc,124.0,0.33,450.0,103.0,124.0,345,NFLX_180719_112131_A,1527,1451.0
NFLX,180719,131659,181019,C,375.0,198,27.080,Buy100%  ,Spread              ,213900453,213900453,0.54,364.23,167.5,20181015,amc,103.0,0.54,450.0,103.0,124.0,594,NFLX_180719_131659_B,682,527.0
NFLX,180719,131659,181019,C,450.0,594,6.710,Buy68%   ,Spread              ,213900453,213900453,0.40,364.23,167.5,20181015,amc,124.0,0.54,450.0,103.0,124.0,594,NFLX_180719_131659_A,1527,1451.0
NFLX,180719,154252,190118,C,330.0,100,61.260,Buy17%   ,Spread              ,329702038,329702039,0.61,364.23,167.5,20181015,amc,91.0,0.61,440.0,91.0,121.0,100,NFLX_180719_154252_B,2473,-103.0
NFLX,180719,154252,190118,C,440.0,100,16.790,Sell16%  ,Spread              ,329702039,329702038,0.17,364.23,167.5,20181015,amc,121.0,0.61,440.0,91.0,121.0,100,NFLX_180719_154252_A,675,-95.0
NOG,180719,152426,180921,C,3.0,675,0.700,Buy50%   ,Spread              ,315035553,315035554,0.05,3.45,0.9,20180806,bmo,87.0,0.05,4.0,87.0,116.0,675,NOG_180719_152426_B,3272,-504.0
NOG,180719,152426,180921,C,4.0,675,0.200,Sell33%  ,Spread              ,315035554,315035553,0.01,3.45,0.9,20180806,bmo,116.0,0.05,4.0,87.0,116.0,675,NOG_180719_152426_A,1659,677.0
OMC,180719,125043,180817,C,72.5,5000,0.890,Buy60%   ,Spread              ,132375915,132375919,0.45,69.61,16.0,20181015,bmo,104.0,0.45,77.5,104.0,111.0,7500,OMC_180719_125043_B,9676,8928.0
OMC,180719,125043,180817,C,77.5,7500,0.160,Sell100% ,Spread              ,132375919,132375915,0.12,69.61,16.0,20181015,bmo,111.0,0.45,77.5,104.0,111.0,7500,OMC_180719_125043_A,6911,-8076.0
PANW,180719,102852,180720,C,145.0,100,70.670,Buy2%    ,Spread              ,47859623,47859624,0.71,214.58,19.6,20180829,amc,68.0,0.71,145.0,68.0,68.0,100,PANW_180719_102852_A,180,0.0
PANW,180719,102852,180921,C,145.0,100,71.430,Sell2%   ,Spread              ,47859624,47859623,0.71,214.58,19.6,20180829,amc,68.0,0.71,145.0,68.0,68.0,100,PANW_180719_102852_B,79,0.0
PDCE,180719,152556,180817,C,65.0,800,1.550,Buy100%  ,Spread              ,39693407,39693411,0.12,60.77,4.0,20180808,amc,107.0,0.74,70.0,99.0,115.0,2365,PDCE_180719_152556_B,882,12.0
PDCE,180719,152556,180817,C,70.0,725,0.550,Buy100%  ,Spread              ,39693405,39693407,0.04,60.77,4.0,20180808,amc,115.0,0.74,70.0,99.0,115.0,2365,PDCE_180719_152556_A,736,0.0
PDCE,180719,152556,180817,C,60.0,2365,3.150,Sell57%  ,Spread              ,39693411,39693411,0.74,60.77,4.0,20180808,amc,99.0,0.74,70.0,99.0,115.0,2365,PDCE_180719_152556_C,2389,2358.0
PDCE,180719,152942,180817,C,60.0,2365,3.150,Sell83%  ,Spread              ,39693411,39693405,0.74,60.77,4.0,20180808,amc,99.0,0.74,70.0,99.0,115.0,2365,PDCE_180719_152942_D,2389,2358.0
PG,180719,155847,180921,P,90.0,500,11.250,Buy66%   ,Spread              ,222608379,222608392,0.56,78.73,198.4,20180731,bmo,114.0,0.56,95.0,114.0,121.0,500,PG_180719_155847_C,194,-210.0
PG,180719,155847,180921,P,92.5,360,13.750,Buy14%   ,Spread              ,222608392,222608402,0.50,78.73,198.4,20180731,bmo,117.0,0.56,95.0,114.0,121.0,500,PG_180719_155847_B,363,0.0
PG,180719,155847,180921,P,95.0,140,16.250,Buy66%   ,Spread              ,222608402,222608379,0.23,78.73,198.4,20180731,bmo,121.0,0.56,95.0,114.0,121.0,500,PG_180719_155847_A,149,0.0
PII,180719,123058,180817,P,110.0,1250,1.150,Sell100% ,BuyWrite            ,121271277,121271277,0.14,122.93,7.7,20180725,bmo,89.0,0.49,120.0,89.0,98.0,1250,PII_180719_123058_B,2848,0.0
PII,180719,123058,180817,P,120.0,1250,3.900,Buy33%   ,BuyWrite            ,121271277,121271277,0.49,122.93,7.7,20180725,bmo,98.0,0.49,120.0,89.0,98.0,1250,PII_180719_123058_A,1358,1251.0
PLCE,180719,155046,180817,C,120.0,2500,10.950,Buy2%    ,Spread              ,218133029,218133032,2.74,128.05,2.1,20180807,bmo,94.0,2.74,145.0,94.0,113.0,3250,PLCE_180719_155046_C,448,-2096.0
PLCE,180719,155046,180817,C,145.0,3250,1.000,Sell36%  ,Spread              ,218133036,218133029,0.33,128.05,2.1,20180807,bmo,113.0,2.74,145.0,94.0,113.0,3250,PLCE_180719_155046_A,3,0.0
PLCE,180719,155046,180817,C,130.0,3250,5.500,Buy78%   ,Spread              ,218133032,218133036,1.79,128.05,2.1,20180807,bmo,102.0,2.74,145.0,94.0,113.0,3250,PLCE_180719_155046_B,3445,3418.0
PM,180719,155437,180921,P,100.0,1400,19.350,Sell1%   ,Spread              ,220159148,220159168,2.71,80.9,126.2,20180719,bmo,124.0,2.71,105.0,117.0,130.0,1400,PM_180719_155437_B,1404,0.0
PM,180719,155437,180921,P,97.5,400,16.850,Buy45%   ,Spread              ,220159144,220159148,0.67,80.9,126.2,20180719,bmo,121.0,2.71,105.0,117.0,130.0,1400,PM_180719_155437_C,465,0.0
PM,180719,155437,180921,P,95.0,600,14.350,Un0%     ,Spread              ,220159142,220159144,0.86,80.9,126.2,20180719,bmo,117.0,2.71,105.0,117.0,130.0,1400,PM_180719_155437_D,644,0.0
PM,180719,155437,180921,P,105.0,400,24.350,Buy21%   ,Spread              ,220159168,220159142,0.97,80.9,126.2,20180719,bmo,130.0,2.71,105.0,117.0,130.0,1400,PM_180719_155437_A,385,0.0
QCOM,180719,95032,180720,C,55.0,300,4.260,Sell5%   ,Spread              ,19531303,19531306,0.13,59.31,87.8,20180725,amc,93.0,0.22,55.0,89.0,93.0,300,QCOM_180719_95032_A,3960,-85.0
QCOM,180719,95032,180817,C,52.5,300,7.330,Buy12%   ,Spread              ,19531306,19531303,0.22,59.31,87.8,20180725,amc,89.0,0.22,55.0,89.0,93.0,300,QCOM_180719_95032_B,412,328.0
QDEL,180719,103114,180817,C,60.0,400,11.380,Buy68%   ,Spread              ,42460751,42460749,0.46,69.81,2.6,20180807,amc,86.0,0.46,60.0,86.0,86.0,400,QDEL_180719_103114_A,2,0.0
QDEL,180719,103114,180720,C,60.0,400,10.150,Buy28%   ,Spread              ,42460749,42460751,0.41,69.81,2.6,20180807,amc,86.0,0.46,60.0,86.0,86.0,400,QDEL_180719_103114_B,819,0.0
QDEL,180719,110543,180720,C,60.0,319,10.180,Buy6%    ,Spread              ,63200244,63200269,0.32,69.81,2.6,20180807,amc,86.0,0.32,75.0,86.0,107.0,1000,QDEL_180719_110543_C,819,0.0
QDEL,180719,110543,180720,C,70.0,137,0.800,Sell33%  ,Spread              ,63200269,63200292,0.01,69.81,2.6,20180807,amc,100.0,0.32,75.0,86.0,107.0,1000,QDEL_180719_110543_B,188,0.0
QDEL,180719,110543,180817,C,75.0,1000,1.750,Sell12%  ,Spread              ,63200292,63200244,0.18,69.81,2.6,20180807,amc,107.0,0.32,75.0,86.0,107.0,1000,QDEL_180719_110543_A,42,0.0
REGN,180719,102459,180720,C,325.0,200,39.000,Sell9%   ,Spread              ,28922080,28922083,0.78,367.74,38.7,20180802,bmo,88.0,0.78,325.0,88.0,88.0,200,REGN_180719_102459_A,316,-5.0
RIG,180719,94507,180817,C,13.0,1000,0.600,Un0%     ,Spread              ,9222152,9222153,0.06,12.68,5.9,20180730,amc,103.0,0.06,15.0,103.0,118.0,1000,RIG_180719_94507_B,11254,-6.0
RIG,180719,94507,180817,C,15.0,1000,0.100,Un0%     ,Spread              ,9222153,9222152,0.01,12.68,5.9,20180730,amc,118.0,0.06,15.0,103.0,118.0,1000,RIG_180719_94507_A,33956,-1012.0
SBGI,180719,103838,181221,C,34.0,1575,0.500,Sell100% ,Spread              ,37121090,37121094,0.08,26.3,2.7,20180808,bmo,129.0,0.08,34.0,122.0,129.0,1575,SBGI_180719_103838_A,2840,-2176.0
SBGI,180719,103838,181221,C,32.0,438,0.800,Sell100% ,Spread              ,37121085,37121090,0.04,26.3,2.7,20180808,bmo,122.0,0.08,34.0,122.0,129.0,1575,SBGI_180719_103838_B,3750,0.0
SBGI,180719,113247,181221,C,34.0,2633,0.600,Sell33%  ,Spread              ,57293106,57293112,0.16,26.3,2.7,20180808,bmo,129.0,0.16,41.0,129.0,156.0,2633,SBGI_180719_113247_B,2840,-2176.0
SBGI,180719,113247,181221,C,41.0,2633,0.200,Buy100%  ,Spread              ,57293112,57293106,0.05,26.3,2.7,20180808,bmo,156.0,0.16,41.0,129.0,156.0,2633,SBGI_180719_113247_A,5000,0.0
SGEN,180719,95433,181221,C,70.0,514,6.810,Buy55%   ,Spread              ,15827480,15827478,0.35,70.52,11.0,20180726,amc,99.0,0.35,70.0,78.0,99.0,514,SGEN_180719_95433_A,805,516.0
SGEN,180719,95433,181221,C,55.0,184,15.610,Sell56%  ,Spread              ,15827478,15827479,0.29,70.52,11.0,20180726,amc,78.0,0.35,70.0,78.0,99.0,514,SGEN_180719_95433_B,378,0.0
SGEN,180719,95433,181221,C,55.0,165,15.620,Sell55%  ,Spread              ,15827479,15827480,0.26,70.52,11.0,20180726,amc,78.0,0.35,70.0,78.0,99.0,514,SGEN_180719_95433_C,378,0.0
SHOO,180719,135753,180817,P,50.0,900,0.600,Sell33%  ,Spread              ,133258405,133258403,0.05,56.25,3.4,20180731,bmo,89.0,0.09,55.0,89.0,98.0,900,SHOO_180719_135753_C,2421,-100.0
SHOO,180719,135753,180817,P,55.0,450,2.050,Buy12%   ,Spread              ,133258403,133258404,0.09,56.25,3.4,20180731,bmo,98.0,0.09,55.0,89.0,98.0,900,SHOO_180719_135753_A,2455,1302.0
SHOO,180719,135753,180817,P,55.0,450,2.000,Sell20%  ,Spread              ,133258404,133258405,0.09,56.25,3.4,20180731,bmo,98.0,0.09,55.0,89.0,98.0,900,SHOO_180719_135753_B,2455,1302.0
SHOP,180719,123046,181019,C,185.0,350,9.500,Sell20%  ,Spread              ,95768240,95768234,0.33,171.75,17.6,,,108.0,0.72,185.0,87.0,108.0,350,SHOP_180719_123046_A,593,358.0
SHOP,180719,123046,180720,C,150.0,349,20.500,Buy78%   ,Spread              ,95768234,95768240,0.72,171.75,17.6,,,87.0,0.72,185.0,87.0,108.0,350,SHOP_180719_123046_B,1262,-61.0
SKX,180719,120256,180817,C,32.0,650,3.200,Un0%     ,Spread              ,85049622,85049623,0.21,33.25,5.3,20180719,amc,96.0,0.21,42.0,96.0,126.0,650,SKX_180719_120256_C,4820,41.0
SKX,180719,120256,180817,C,42.0,650,0.400,Sell100% ,Spread              ,85049624,85049622,0.03,33.25,5.3,20180719,amc,126.0,0.21,42.0,96.0,126.0,650,SKX_180719_120256_A,4177,4107.0
SKX,180719,120256,180817,C,34.0,650,2.350,Buy100%  ,Spread              ,85049623,85049624,0.15,33.25,5.3,20180719,amc,102.0,0.21,42.0,96.0,126.0,650,SKX_180719_120256_B,4748,3794.0
SKX,180719,120322,180817,C,32.0,3350,3.100,Sell100% ,Spread              ,85258549,85258550,1.04,33.25,5.3,20180719,amc,96.0,1.04,42.0,96.0,126.0,3350,SKX_180719_120322_C,4820,41.0
SKX,180719,120322,180817,C,34.0,3350,2.300,Buy100%  ,Spread              ,85258550,85258558,0.77,33.25,5.3,20180719,amc,102.0,1.04,42.0,96.0,126.0,3350,SKX_180719_120322_B,4748,3794.0
SKX,180719,120322,180817,C,42.0,3350,0.400,Sell100% ,Spread              ,85258558,85258549,0.13,33.25,5.3,20180719,amc,126.0,1.04,42.0,96.0,126.0,3350,SKX_180719_120322_A,4177,4107.0
SKX,180719,132406,181019,C,31.0,1000,4.700,Sell46%  ,Spread              ,119626148,119626153,0.47,33.25,5.3,20180719,amc,93.0,0.47,44.0,93.0,132.0,1000,SKX_180719_132406_D,1351,-425.0
SKX,180719,132406,181019,C,33.0,1000,3.800,Un0%     ,Spread              ,119626153,119626157,0.38,33.25,5.3,20180719,amc,99.0,0.47,44.0,93.0,132.0,1000,SKX_180719_132406_C,1676,1452.0
SKX,180719,132406,181019,C,40.0,1000,1.350,Un0%     ,Spread              ,119626146,119626148,0.14,33.25,5.3,20180719,amc,120.0,0.47,44.0,93.0,132.0,1000,SKX_180719_132406_B,1160,-491.0
SKX,180719,132406,181019,C,44.0,1000,0.700,Sell33%  ,Spread              ,119626157,119626146,0.07,33.25,5.3,20180719,amc,132.0,0.47,44.0,93.0,132.0,1000,SKX_180719_132406_A,2,0.0
SKX,180719,150412,180720,C,33.0,1000,2.500,Buy100%  ,Spread              ,158852801,158852803,0.25,33.25,5.3,20180719,amc,99.0,0.29,38.0,96.0,114.0,1000,SKX_180719_150412_C,9277,322.0
SKX,180719,150412,180720,C,32.0,1000,2.900,Sell60%  ,Spread              ,158852799,158852801,0.29,33.25,5.3,20180719,amc,96.0,0.29,38.0,96.0,114.0,1000,SKX_180719_150412_D,3237,-2050.0
SKX,180719,150412,180720,C,37.0,500,1.100,Buy100%  ,Spread              ,158852803,158852805,0.06,33.25,5.3,20180719,amc,111.0,0.29,38.0,96.0,114.0,1000,SKX_180719_150412_B,8754,-86.0
SKX,180719,150412,180720,C,38.0,500,0.800,Un0%     ,Spread              ,158852805,158852799,0.04,33.25,5.3,20180719,amc,114.0,0.29,38.0,96.0,114.0,1000,SKX_180719_150412_A,5763,2105.0
SKX,180719,155400,180720,C,38.0,500,0.760,Sell80%  ,Spread              ,179611307,179611306,0.04,33.25,5.3,20180719,amc,114.0,0.08,38.0,105.0,114.0,500,SKX_180719_155400_A,5763,2105.0
SKX,180719,155400,180720,C,35.0,500,1.690,Buy60%   ,Spread              ,179611306,179611307,0.08,33.25,5.3,20180719,amc,105.0,0.08,38.0,105.0,114.0,500,SKX_180719_155400_B,18995,287.0
T,180719,134745,190621,C,35.0,10000,0.910,Un0%     ,BuyWrite            ,133326800,133326800,0.91,31.27,230.5,20180724,amc,112.0,1.95,35.0,96.0,112.0,10000,T_180719_134745_A,25468,10577.0
T,180719,134745,190621,P,30.0,10000,1.950,Buy100%  ,BuyWrite            ,133326800,133326800,1.95,31.27,230.5,20180724,amc,96.0,1.95,35.0,96.0,112.0,10000,T_180719_134745_B,21878,9086.0
TDOC,180719,113823,180720,C,40.0,100,30.700,Buy27%   ,Spread              ,77265893,77265900,0.31,70.4,4.4,20180801,amc,57.0,0.31,70.0,57.0,99.0,100,TDOC_180719_113823_B,694,-25.0
TDOC,180719,113823,190118,C,70.0,100,10.000,Sell50%  ,Spread              ,77265900,77265893,0.10,70.4,4.4,20180801,amc,99.0,0.31,70.0,57.0,99.0,100,TDOC_180719_113823_A,233,26.0
TLRD,180719,112913,180921,C,25.0,750,1.550,Un0%     ,Spread              ,94906877,94906878,0.12,23.33,1.2,,,107.0,0.12,30.0,107.0,129.0,750,TLRD_180719_112913_B,773,750.0
TLRD,180719,112913,180921,C,30.0,750,0.400,Sell100% ,Spread              ,94906878,94906877,0.03,23.33,1.2,,,129.0,0.12,30.0,107.0,129.0,750,TLRD_180719_112913_A,1250,750.0
TPX,180719,101742,181221,C,70.0,800,1.300,Sell100% ,Spread              ,45636043,45636036,0.10,54.24,2.8,20180726,bmo,129.0,0.45,70.0,97.0,129.0,800,TPX_180719_101742_A,3750,1750.0
TPX,180719,101742,181221,C,55.0,800,5.600,Buy100%  ,Spread              ,45636039,45636043,0.45,54.24,2.8,20180726,bmo,101.0,0.45,70.0,97.0,129.0,800,TPX_180719_101742_B,3826,1750.0
TPX,180719,101742,180921,C,52.5,800,4.520,Sell95%  ,Spread              ,45636036,45636039,0.36,54.24,2.8,20180726,bmo,97.0,0.45,70.0,97.0,129.0,800,TPX_180719_101742_C,1710,-1525.0
TPX,180719,134258,180817,P,47.5,3500,1.070,Un0%     ,Spread              ,171853507,171853509,0.37,54.24,2.8,20180726,bmo,88.0,0.37,47.5,88.0,88.0,3500,TPX_180719_134258_A,1658,-2911.0
TRN,180719,115909,180720,P,34.0,3304,0.030,Buy20%   ,Spread              ,112066246,112066253,0.01,35.85,5.3,20180725,amc,95.0,0.43,34.0,84.0,95.0,3304,TRN_180719_115909_A,3462,0.0
TRN,180719,115909,181019,P,34.0,3304,1.300,Un0%     ,Spread              ,112066265,112066246,0.43,35.85,5.3,20180725,amc,95.0,0.43,34.0,84.0,95.0,3304,TRN_180719_115909_B,3400,3309.0
TRN,180719,115909,181019,P,30.0,3304,0.370,Sell6%   ,Spread              ,112066253,112066265,0.12,35.85,5.3,20180725,amc,84.0,0.43,34.0,84.0,95.0,3304,TRN_180719_115909_C,3405,3309.0
TXMD,180719,133801,180720,C,5.0,600,1.620,Sell6%   ,Spread              ,131098877,131098877,0.10,6.71,1.5,,,75.0,0.1,5.0,75.0,75.0,600,TXMD_180719_133801_A,639,-949.0
UAA,180719,95946,181019,C,15.0,320,6.750,Sell100% ,Spread              ,25888609,25888611,0.22,22.1,9.8,20180726,bmo,68.0,1.84,20.0,57.0,90.0,3428,UAA_180719_95946_B,2140,0.0
UAA,180719,95946,200117,C,20.0,3428,5.350,Buy55%   ,Spread              ,25888614,25888609,1.83,22.1,9.8,20180726,bmo,90.0,1.84,20.0,57.0,90.0,3428,UAA_180719_95946_A,5256,3436.0
UAA,180719,95946,190118,C,12.5,1994,9.250,Sell61%  ,Spread              ,25888611,25888614,1.84,22.1,9.8,20180726,bmo,57.0,1.84,20.0,57.0,90.0,3428,UAA_180719_95946_C,3682,0.0
VAR,180719,115500,180817,P,110.0,500,2.850,Buy100%  ,Spread              ,37205156,37205156,0.14,116.2,10.7,20180725,amc,95.0,0.14,115.0,90.0,99.0,500,VAR_180719_115500_C,82,0.0
VAR,180719,115500,180817,P,105.0,500,1.150,Buy100%  ,Spread              ,37205157,37205157,0.06,116.2,10.7,20180725,amc,90.0,0.14,115.0,90.0,99.0,500,VAR_180719_115500_E,550,517.0
VAR,180719,115500,180817,P,115.0,500,2.100,Sell100% ,Spread              ,37205155,37205155,0.11,116.2,10.7,20180725,amc,99.0,0.14,115.0,90.0,99.0,500,VAR_180719_115500_A,276,243.0
VAR,180719,121356,180817,P,105.0,500,0.900,Buy100%  ,Spread              ,41085142,41085140,0.05,116.2,10.7,20180725,amc,90.0,0.08,115.0,90.0,99.0,500,VAR_180719_121356_E,550,517.0
VAR,180719,121356,180817,P,115.0,250,2.300,Sell100% ,Spread              ,41085140,41085140,0.06,116.2,10.7,20180725,amc,99.0,0.08,115.0,90.0,99.0,500,VAR_180719_121356_A,276,243.0
VAR,180719,121356,180817,P,110.0,250,3.300,Buy100%  ,Spread              ,41085141,41085141,0.08,116.2,10.7,20180725,amc,95.0,0.08,115.0,90.0,99.0,500,VAR_180719_121356_C,82,0.0
VAR,180719,121911,180817,P,115.0,500,2.100,Sell100% ,Spread              ,37205155,37205156,0.11,116.2,10.7,20180725,amc,99.0,0.14,115.0,90.0,99.0,500,VAR_180719_121911_B,276,243.0
VAR,180719,121919,180817,P,110.0,500,2.850,Buy100%  ,Spread              ,37205156,37205157,0.14,116.2,10.7,20180725,amc,95.0,0.14,115.0,90.0,99.0,500,VAR_180719_121919_D,82,0.0
VAR,180719,121929,180817,P,105.0,500,1.150,Buy100%  ,Spread              ,37205157,37205155,0.06,116.2,10.7,20180725,amc,90.0,0.14,115.0,90.0,99.0,500,VAR_180719_121929_F,550,517.0
VAR,180719,124030,180817,P,115.0,250,2.300,Sell100% ,Spread              ,41085140,41085141,0.06,116.2,10.7,20180725,amc,99.0,0.08,115.0,90.0,99.0,500,VAR_180719_124030_B,276,243.0
VAR,180719,124045,180817,P,110.0,250,3.300,Buy100%  ,Spread              ,41085141,41085142,0.08,116.2,10.7,20180725,amc,95.0,0.08,115.0,90.0,99.0,500,VAR_180719_124045_D,82,0.0
VOD,180719,115018,190118,P,29.0,873,5.750,Sell81%  ,Spread              ,61866878,61866877,0.50,23.28,62.2,,,125.0,0.65,30.0,125.0,129.0,873,VOD_180719_115018_B,999,0.0
VOD,180719,115018,200117,P,30.0,873,7.450,Sell80%  ,Spread              ,61866877,61866878,0.65,23.28,62.2,,,129.0,0.65,30.0,125.0,129.0,873,VOD_180719_115018_A,129,0.0
VOD,180719,115025,200117,P,25.0,750,3.650,Sell33%  ,Spread              ,61911021,61911022,0.27,23.28,62.2,,,107.0,0.27,27.0,107.0,116.0,750,VOD_180719_115025_B,785,0.0
VOD,180719,115025,181019,P,27.0,750,3.650,Buy100%  ,Spread              ,61911022,61911021,0.27,23.28,62.2,,,116.0,0.27,27.0,107.0,116.0,750,VOD_180719_115025_A,1071,0.0
WMT,180719,151937,190118,P,80.0,500,1.860,Buy100%  ,BuyWrite            ,249665492,249665492,0.09,87.72,255.3,20180816,bmo,91.0,0.09,100.0,91.0,114.0,500,WMT_180719_151937_B,9293,832.0
WMT,180719,151937,190118,C,100.0,500,0.980,Sell100% ,BuyWrite            ,249665492,249665492,0.05,87.72,255.3,20180816,bmo,114.0,0.09,100.0,91.0,114.0,500,WMT_180719_151937_A,13209,991.0
YNDX,180719,113902,180817,C,30.0,1500,7.400,Un0%     ,BuyWrite            ,91269967,91269967,1.11,36.49,11.6,20180726,bmo,82.0,1.11,30.0,82.0,82.0,1500,YNDX_180719_113902_A,13096,0.0
YNDX,180719,113902,180817,P,30.0,1500,0.100,Un0%     ,BuyWrite            ,91269967,91269967,0.02,36.49,11.6,20180726,bmo,82.0,1.11,30.0,82.0,82.0,1500,YNDX_180719_113902_B,14218,0.0
